phase,step,time_s,chassis_y,chassis_vy,chassis_accel,wheel_y,wheel_vy,compression,suspension_travel,normal_impulse,loaded_points,persisted_points,step_ms
static,0,0,1.350501537322998,3.0802686978859128e-06,-4.8312545004591811e-05,0.51161229610443115,0,0.0024877038955688491,0.11111075878143306,64.666488647460938,2,2,0.005859375
static,1,0.0166666667,1.350501537322998,2.3390352907881606e-06,-4.4474004425865132e-05,0.51161229610443115,-4.0639633880346082e-09,0.0024877038955688491,0.11111075878143306,64.666507720947266,2,2,0.005859375
static,2,0.0333333333,1.350501537322998,1.6678372958267573e-06,-4.0271879697684199e-05,0.51161229610443115,-6.773177574359579e-10,0.0024877038955688491,0.11111075878143306,64.666526794433594,2,2,0.006103515625
static,3,0.05,1.350501537322998,1.0319054126739502e-06,-3.8155912989168428e-05,0.51161229610443115,0,0.0024877038955688491,0.11111075878143306,64.666545867919922,2,2,0.006103515625
static,4,0.0666666667,1.350501537322998,4.3531258597795386e-07,-3.579556960175978e-05,0.51161229610443115,-2.8421709430404007e-14,0.0024877038955688491,0.11111075878143306,64.666553497314453,2,2,0.005859375
static,5,0.0833333333,1.350501537322998,-1.3093153938825708e-07,-3.3974647521972656e-05,0.51161229610443115,0,0.0024877038955688491,0.11111075878143306,64.666561126708984,2,2,0.006103515625
static,6,0.1,1.350501537322998,-6.7427754402160645e-07,-3.2600760278000962e-05,0.51161229610443115,-4.0639633880346082e-09,0.0024877038955688491,0.11111075878143306,64.66656494140625,2,2,0.006103515625
static,7,0.116666667,1.350501537322998,-1.1851886938529788e-06,-3.0654668989882339e-05,0.51161229610443115,3.3865887871797895e-09,0.0024877038955688491,0.11111075878143306,64.666572570800781,2,2,0.006103515625
static,8,0.133333333,1.350501537322998,-1.639773472561501e-06,-2.7275086722511332e-05,0.51161229610443115,6.773177574359579e-10,0.0024877038955688491,0.11111075878143306,64.666580200195312,2,2,0.005859375
static,9,0.15,1.350501537322998,-2.0788113488379167e-06,-2.6342272576584946e-05,0.51161229610443115,3.3866172088892199e-09,0.0024877038955688491,0.11111075878143306,64.666591644287109,2,2,0.006103515625
static,10,0.166666667,1.350501537322998,-2.4512410163879395e-06,-2.2345780053001363e-05,0.51161229610443115,6.773177574359579e-10,0.0024877038955688491,0.11111075878143306,64.666606903076172,2,2,0.005859375
static,11,0.183333333,1.350501537322998,-2.8088688850402832e-06,-2.1457672119140625e-05,0.51161229610443115,-2.8421709430404007e-14,0.0024877038955688491,0.11111075878143306,64.666614532470703,2,2,0.005859375
static,12,0.2,1.350501537322998,-3.1521419714408694e-06,-2.0596385184035171e-05,0.51161229610443115,6.772893357265275e-10,0.0024877038955688491,0.11111075878143306,64.666622161865234,2,2,0.006103515625
static,13,0.216666667,1.350501537322998,-3.4607946872711182e-06,-1.8519162949814927e-05,0.51161229610443115,-3.3866456305986503e-09,0.0024877038955688491,0.11111075878143306,64.666629791259766,2,2,0.006103515625
static,14,0.233333333,1.3505014181137085,-3.7513673305511475e-06,-1.7434358596801758e-05,0.51161229610443115,0,0.0024877038955688491,0.11111087799072261,64.666633605957031,2,2,0.005859375
static,15,0.25,1.3505012989044189,-3.8493176361953374e-06,-5.8770183386513963e-06,0.51161229610443115,-2.8421709430404007e-14,0.0024877038955688491,0.11111099720001216,64.666690826416016,2,2,0.005859375
static,16,0.266666667,1.3505011796951294,-3.7737190723419189e-06,4.5359138312051073e-06,0.51161229610443115,3.3866172088892199e-09,0.0024877038955688491,0.11111111640930171,64.666740417480469,2,2,0.006103515625
static,17,0.283333333,1.3505010604858398,-3.5315752029418945e-06,1.4528632164001465e-05,0.51161229610443115,-2.8421709430404007e-14,0.0024877038955688491,0.11111123561859126,64.666786193847656,2,2,0.005859375
static,18,0.3,1.3505010604858398,-3.1286974717659177e-06,2.4172663870558608e-05,0.51161229610443115,-4.0639349663251778e-09,0.0024877038955688491,0.11111123561859126,64.666831970214844,2,2,0.005859375
static,19,0.316666667,1.3505010604858398,-2.7758876512962161e-06,2.11685892281821e-05,0.51161229610443115,6.7734617914538831e-10,0.0024877038955688491,0.11111123561859126,64.666820526123047,2,2,0.006103515625
static,20,0.333333333,1.3505010604858398,-2.4400651454925537e-06,2.0149350348219741e-05,0.51161229610443115,0,0.0024877038955688491,0.11111123561859126,64.666816711425781,2,2,0.005859375
static,21,0.35,1.3505010604858398,-2.1228690911812009e-06,1.9031763258681167e-05,0.51161229610443115,-3.3866456305986503e-09,0.0024877038955688491,0.11111123561859126,64.66680908203125,2,2,0.005859375
static,22,0.366666667,1.3505010604858398,-1.8521150195738301e-06,1.6245244296442252e-05,0.51161229610443115,-1.4210854715202004e-14,0.0024877038955688491,0.11111123561859126,64.666793823242188,2,2,0.006103515625
static,23,0.383333333,1.3505010604858398,-1.595069988979958e-06,1.5422701835632324e-05,0.51161229610443115,-3.3866456305986503e-09,0.0024877038955688491,0.11111123561859126,64.666790008544922,2,2,0.005859375
static,24,0.4,1.3505010604858398,-1.3820827007293701e-06,1.2779237295035273e-05,0.51161229610443115,6.773177574359579e-10,0.0024877038955688491,0.11111123561859126,64.666778564453125,2,2,0.005859375
static,25,0.416666667,1.3505010604858398,-1.1771917343139648e-06,1.2293457984924316e-05,0.51161229610443115,-4.0639633880346082e-09,0.0024877038955688491,0.11111123561859126,64.666778564453125,2,2,0.006103515625
static,26,0.433333333,1.3505010604858398,-9.7175438895646948e-07,1.2326240721449722e-05,0.51161229610443115,0,0.0024877038955688491,0.11111123561859126,64.666774749755859,2,2,0.005859375
static,27,0.45,1.3505010604858398,-7.7858567237854004e-07,1.1590122994675767e-05,0.51161229610443115,-6.773177574359579e-10,0.0024877038955688491,0.11111123561859126,64.666770935058594,2,2,0.005859375
static,28,0.466666667,1.3505010604858398,-5.9977173805236816e-07,1.0728836059570312e-05,0.51161229610443115,-3.3866456305986503e-09,0.0024877038955688491,0.11111123561859126,64.666767120361328,2,2,0.006103515625
static,29,0.483333333,1.3505010604858398,-4.4703483581542969e-07,9.1642141342163086e-06,0.51161229610443115,0,0.0024877038955688491,0.11111123561859126,64.666763305664062,2,2,0.005859375
static,30,0.5,1.3505010604858398,-2.9802322387695312e-07,8.9406967163085938e-06,0.51161229610443115,2.8421709430404007e-14,0.0024877038955688491,0.11111123561859126,64.666763305664062,2,2,0.005859375
static,31,0.516666667,1.3505010604858398,-1.6391277313232422e-07,8.0466270446777344e-06,0.51161229610443115,0,0.0024877038955688491,0.11111123561859126,64.666759490966797,2,2,0.006103515625
static,32,0.533333333,1.3505010604858398,-3.2981237296780819e-08,7.855892150132604e-06,0.51161229610443115,2.8421709430404007e-14,0.0024877038955688491,0.11111123561859126,64.666759490966797,2,2,0.005859375
static,33,0.55,1.3505010604858398,8.5681676864624023e-08,7.1197748496842905e-06,0.51161229610443115,0,0.0024877038955688491,0.11111123561859126,64.666759490966797,2,2,0.005859375
static,34,0.566666667,1.3505010604858398,2.0171205505903345e-07,6.9618226916645654e-06,0.51161229610443115,2.8421709430404007e-14,0.0024877038955688491,0.11111123561859126,64.666759490966797,2,2,0.006103515625
static,35,0.583333333,1.3505010604858398,3.2037496566772461e-07,7.1197746365214698e-06,0.51161229610443115,0,0.0024877038955688491,0.11111123561859126,64.666755676269531,2,2,0.005859375
static,36,0.6,1.3505010604858398,4.3640534386213403e-07,6.9618226916645654e-06,0.51161229610443115,2.8421709430404007e-14,0.0024877038955688491,0.11111123561859126,64.666751861572266,2,2,0.005859375
static,37,0.616666667,1.3505010604858398,5.4016709327697754e-07,6.2257049648906104e-06,0.51161229610443115,0,0.0024877038955688491,0.11111123561859126,64.666748046875,2,2,0.006103515625
static,38,0.633333333,1.3505010604858398,6.4447522163391113e-07,6.2584877014160156e-06,0.51161229610443115,0,0.0024877038955688491,0.11111123561859126,64.666748046875,2,2,0.006103515625
static,39,0.65,1.3505010604858398,7.3388218879699707e-07,5.3644180297851562e-06,0.51161229610443115,6.773177574359579e-10,0.0024877038955688491,0.11111123561859126,64.666744232177734,2,2,0.005859375
static,40,0.666666667,1.3505010604858398,8.2328915596008301e-07,5.3644180297851562e-06,0.51161229610443115,-4.0639633880346082e-09,0.0024877038955688491,0.11111123561859126,64.666740417480469,2,2,0.005859375
static,41,0.683333333,1.3505010604858398,9.0951721176679712e-07,5.1736833484028466e-06,0.51161229610443115,3.3866456305986503e-09,0.0024877038955688491,0.11111123561859126,64.666744232177734,2,2,0.006103515625
static,42,0.7,1.3505010604858398,9.8347663879394531e-07,4.4375656216288917e-06,0.51161229610443115,6.773177574359579e-10,0.0024877038955688491,0.11111123561859126,64.666744232177734,2,2,0.005859375
static,43,0.716666667,1.3505010604858398,1.0579824447631836e-06,4.4703483581542969e-06,0.51161229610443115,-4.0639349663251778e-09,0.0024877038955688491,0.11111123561859126,64.666740417480469,2,2,0.005859375
static,44,0.733333333,1.3505010604858398,1.1324882507324219e-06,4.4703483581542969e-06,0.51161229610443115,3.3866172088892199e-09,0.0024877038955688491,0.11111123561859126,64.666744232177734,2,2,0.006103515625
static,45,0.75,1.3505010604858398,1.1920928955078125e-06,3.5762786865234375e-06,0.51161229610443115,0,0.0024877038955688491,0.11111123561859126,64.666740417480469,2,2,0.005859375
static,46,0.766666667,1.3505010604858398,1.2516975402832031e-06,3.5762786865234375e-06,0.51161229610443115,0,0.0024877038955688491,0.11111123561859126,64.666744232177734,2,2,0.006103515625
static,47,0.783333333,1.3505010604858398,1.3113021850585938e-06,3.5762786865234375e-06,0.51161229610443115,0,0.0024877038955688491,0.11111123561859126,64.666744232177734,2,2,0.005859375
static,48,0.8,1.3505010604858398,1.3709068298339844e-06,3.5762786865234375e-06,0.51161229610443115,0,0.0024877038955688491,0.11111123561859126,64.666740417480469,2,2,0.005859375
static,49,0.816666667,1.3505010604858398,1.4156103134155273e-06,2.6822090148925781e-06,0.51161229610443115,0,0.0024877038955688491,0.11111123561859126,64.666736602783203,2,2,0.006103515625
static,50,0.833333333,1.3505010604858398,1.4603137969970703e-06,2.6822090148925781e-06,0.51161229610443115,0,0.0024877038955688491,0.11111123561859126,64.666736602783203,2,2,0.006103515625
static,51,0.85,1.3505010604858398,1.5050172805786133e-06,2.6822090148925781e-06,0.51161229610443115,0,0.0024877038955688491,0.11111123561859126,64.666736602783203,2,2,0.005859375
static,52,0.866666667,1.3505010604858398,1.5497207641601562e-06,2.6822090148925781e-06,0.51161229610443115,0,0.0024877038955688491,0.11111123561859126,64.666736602783203,2,2,0.005859375
static,53,0.883333333,1.3505010604858398,1.5944242477416992e-06,2.6822090148925781e-06,0.51161229610443115,6.773177574359579e-10,0.0024877038955688491,0.11111123561859126,64.666728973388672,2,2,0.006103515625
static,54,0.9,1.3505010604858398,1.6316771507263184e-06,2.2351741790771484e-06,0.51161229610443115,3.3866172088892199e-09,0.0024877038955688491,0.11111123561859126,64.666732788085938,2,2,0.005859375
static,55,0.916666667,1.3505010604858398,1.6614794731140137e-06,1.7881393432617188e-06,0.51161229610443115,3.3866172088892199e-09,0.0024877038955688491,0.11111123561859126,64.666728973388672,2,2,0.005859375
static,56,0.933333333,1.3505010604858398,1.691281795501709e-06,1.7881393432617188e-06,0.51161229610443115,0,0.0024877038955688491,0.11111123561859126,64.666728973388672,2,2,0.006103515625
static,57,0.95,1.3505010604858398,1.7210841178894043e-06,1.7881393432617188e-06,0.51161229610443115,0,0.0024877038955688491,0.11111123561859126,64.666732788085938,2,2,0.006103515625
static,58,0.966666667,1.3505010604858398,1.7508864402770996e-06,1.7881393432617188e-06,0.51161229610443115,0,0.0024877038955688491,0.11111123561859126,64.666732788085938,2,2,0.005859375
static,59,0.983333333,1.3505010604858398,1.7806887626647949e-06,1.7881393432617188e-06,0.51161229610443115,0,0.0024877038955688491,0.11111123561859126,64.666732788085938,2,2,0.005859375
static,60,1,1.3505010604858398,1.8104910850524902e-06,1.7881393432617188e-06,0.51161229610443115,0,0.0024877038955688491,0.11111123561859126,64.666732788085938,2,2,0.006103515625
static,61,1.01666667,1.3505010604858398,1.8402934074401855e-06,1.7881393432617188e-06,0.51161229610443115,0,0.0024877038955688491,0.11111123561859126,64.666732788085938,2,2,0.006103515625
static,62,1.03333333,1.3505010604858398,1.8663704395294189e-06,1.5646219253540039e-06,0.51161229610443115,-3.3866172088892199e-09,0.0024877038955688491,0.11111123561859126,64.666732788085938,2,2,0.005859375
static,63,1.05,1.3505010604858398,1.8961727619171143e-06,1.7881393432617188e-06,0.51161229610443115,0,0.0024877038955688491,0.11111123561859126,64.666728973388672,2,2,0.006103515625
static,64,1.06666667,1.3505010604858398,1.9259750843048096e-06,1.7881393432617188e-06,0.51161229610443115,0,0.0024877038955688491,0.11111123561859126,64.666728973388672,2,2,0.006103515625
static,65,1.08333333,1.3505010604858398,1.9557774066925049e-06,1.7881393432617188e-06,0.51161229610443115,0,0.0024877038955688491,0.11111123561859126,64.666728973388672,2,2,0.005859375
static,66,1.1,1.3505010604858398,1.9855797290802002e-06,1.7881393432617188e-06,0.51161229610443115,0,0.0024877038955688491,0.11111123561859126,64.666728973388672,2,2,0.005859375
static,67,1.11666667,1.3505010604858398,2.0153820514678955e-06,1.7881393432617188e-06,0.51161229610443115,0,0.0024877038955688491,0.11111123561859126,64.666728973388672,2,2,0.005859375
static,68,1.13333333,1.3505010604858398,2.0451843738555908e-06,1.7881393432617188e-06,0.51161229610443115,-3.3866172088892199e-09,0.0024877038955688491,0.11111123561859126,64.666728973388672,2,2,0.005859375
static,69,1.15,1.3505010604858398,2.0749866962432861e-06,1.7881393432617188e-06,0.51161229610443115,-3.3866172088892199e-09,0.0024877038955688491,0.11111123561859126,64.666728973388672,2,2,0.054443359375
static,70,1.16666667,1.3505010604858398,2.1047890186309814e-06,1.7881393432617188e-06,0.51161229610443115,-3.3866172088892199e-09,0.0024877038955688491,0.11111123561859126,64.666728973388672,2,2,0.00634765625
static,71,1.18333333,1.3505010604858398,2.0974378003302263e-06,-4.4107309804530814e-07,0.51161229610443115,4.0639349663251778e-09,0.0024877038955688491,0.11111123561859126,64.666721343994141,2,2,0.005859375
static,72,1.2,1.3505010604858398,2.0937125100317644e-06,-2.2351741790771484e-07,0.51161229610443115,-2.8421709430404007e-14,0.0024877038955688491,0.11111123561859126,64.666721343994141,2,2,0.006103515625
static,73,1.21666667,1.3505010604858398,2.0899872197333025e-06,-2.2351741790771484e-07,0.51161229610443115,3.3865887871797895e-09,0.0024877038955688491,0.11111123561859126,64.666721343994141,2,2,0.005859375
static,74,1.23333333,1.3505010604858398,2.0862619294348406e-06,-2.2351741790771484e-07,0.51161229610443115,3.3865887871797895e-09,0.0024877038955688491,0.11111123561859126,64.666721343994141,2,2,0.005859375
static,75,1.25,1.3505010604858398,2.1085143089294434e-06,1.3351427696761675e-06,0.51161229610443115,0,0.0024877038955688491,0.11111123561859126,64.666725158691406,2,2,0.006103515625
static,76,1.26666667,1.3505010604858398,2.1011630906286882e-06,-4.4107309804530814e-07,0.51161229610443115,-2.8421709430404007e-14,0.0024877038955688491,0.11111123561859126,64.666721343994141,2,2,0.005859375
static,77,1.28333333,1.3505010604858398,2.0937125100317644e-06,-4.4703483581542969e-07,0.51161229610443115,-2.8421709430404007e-14,0.0024877038955688491,0.11111123561859126,64.666721343994141,2,2,0.005859375
static,78,1.3,1.3505010604858398,2.0899872197333025e-06,-2.2351741790771484e-07,0.51161229610443115,3.3865887871797895e-09,0.0024877038955688491,0.11111123561859126,64.666721343994141,2,2,0.005859375
static,79,1.31666667,1.3505010604858398,2.0862619294348406e-06,-2.2351741790771484e-07,0.51161229610443115,3.3865887871797895e-09,0.0024877038955688491,0.11111123561859126,64.666721343994141,2,2,0.005859375
static,80,1.33333333,1.3505010604858398,2.1085143089294434e-06,1.3351427696761675e-06,0.51161229610443115,0,0.0024877038955688491,0.11111123561859126,64.666725158691406,2,2,0.006103515625
static,81,1.35,1.3505010604858398,2.1011630906286882e-06,-4.4107309804530814e-07,0.51161229610443115,-2.8421709430404007e-14,0.0024877038955688491,0.11111123561859126,64.666721343994141,2,2,0.006103515625
static,82,1.36666667,1.3505010604858398,2.0937125100317644e-06,-4.4703483581542969e-07,0.51161229610443115,-2.8421709430404007e-14,0.0024877038955688491,0.11111123561859126,64.666721343994141,2,2,0.005859375
static,83,1.38333333,1.3505010604858398,2.0899872197333025e-06,-2.2351741790771484e-07,0.51161229610443115,3.3865887871797895e-09,0.0024877038955688491,0.11111123561859126,64.666721343994141,2,2,0.005859375
static,84,1.4,1.3505010604858398,2.0862619294348406e-06,-2.2351741790771484e-07,0.51161229610443115,3.3865887871797895e-09,0.0024877038955688491,0.11111123561859126,64.666721343994141,2,2,0.006103515625
static,85,1.41666667,1.3505010604858398,2.1085143089294434e-06,1.3351427696761675e-06,0.51161229610443115,0,0.0024877038955688491,0.11111123561859126,64.666725158691406,2,2,0.005859375
static,86,1.43333333,1.3505010604858398,2.1011630906286882e-06,-4.4107309804530814e-07,0.51161229610443115,-2.8421709430404007e-14,0.0024877038955688491,0.11111123561859126,64.666721343994141,2,2,0.005859375
static,87,1.45,1.3505010604858398,2.0937125100317644e-06,-4.4703483581542969e-07,0.51161229610443115,-2.8421709430404007e-14,0.0024877038955688491,0.11111123561859126,64.666721343994141,2,2,0.006103515625
static,88,1.46666667,1.3505010604858398,2.0899872197333025e-06,-2.2351741790771484e-07,0.51161229610443115,3.3865887871797895e-09,0.0024877038955688491,0.11111123561859126,64.666721343994141,2,2,0.006103515625
static,89,1.48333333,1.3505010604858398,2.0862619294348406e-06,-2.2351741790771484e-07,0.51161229610443115,3.3865887871797895e-09,0.0024877038955688491,0.11111123561859126,64.666721343994141,2,2,0.005859375
static,90,1.5,1.3505010604858398,2.1085143089294434e-06,1.3351427696761675e-06,0.51161229610443115,0,0.0024877038955688491,0.11111123561859126,64.666725158691406,2,2,0.005859375
static,91,1.51666667,1.3505010604858398,2.1011630906286882e-06,-4.4107309804530814e-07,0.51161229610443115,-2.8421709430404007e-14,0.0024877038955688491,0.11111123561859126,64.666721343994141,2,2,0.006103515625
static,92,1.53333333,1.3505010604858398,2.0937125100317644e-06,-4.4703483581542969e-07,0.51161229610443115,-2.8421709430404007e-14,0.0024877038955688491,0.11111123561859126,64.666721343994141,2,2,0.005859375
static,93,1.55,1.3505010604858398,2.0899872197333025e-06,-2.2351741790771484e-07,0.51161229610443115,3.3865887871797895e-09,0.0024877038955688491,0.11111123561859126,64.666721343994141,2,2,0.005859375
static,94,1.56666667,1.3505010604858398,2.0862619294348406e-06,-2.2351741790771484e-07,0.51161229610443115,3.3865887871797895e-09,0.0024877038955688491,0.11111123561859126,64.666721343994141,2,2,0.006103515625
static,95,1.58333333,1.3505010604858398,2.1085143089294434e-06,1.3351427696761675e-06,0.51161229610443115,0,0.0024877038955688491,0.11111123561859126,64.666725158691406,2,2,0.005859375
static,96,1.6,1.3505010604858398,2.1011630906286882e-06,-4.4107309804530814e-07,0.51161229610443115,-2.8421709430404007e-14,0.0024877038955688491,0.11111123561859126,64.666721343994141,2,2,0.005859375
static,97,1.61666667,1.3505010604858398,2.0937125100317644e-06,-4.4703483581542969e-07,0.51161229610443115,-2.8421709430404007e-14,0.0024877038955688491,0.11111123561859126,64.666721343994141,2,2,0.006103515625
static,98,1.63333333,1.3505010604858398,2.0899872197333025e-06,-2.2351741790771484e-07,0.51161229610443115,3.3865887871797895e-09,0.0024877038955688491,0.11111123561859126,64.666721343994141,2,2,0.006103515625
static,99,1.65,1.3505010604858398,2.0862619294348406e-06,-2.2351741790771484e-07,0.51161229610443115,3.3865887871797895e-09,0.0024877038955688491,0.11111123561859126,64.666721343994141,2,2,0.005859375
static,100,1.66666667,1.3505010604858398,2.1085143089294434e-06,1.3351427696761675e-06,0.51161229610443115,0,0.0024877038955688491,0.11111123561859126,64.666725158691406,2,2,0.005859375
static,101,1.68333333,1.3505010604858398,2.1011630906286882e-06,-4.4107309804530814e-07,0.51161229610443115,-2.8421709430404007e-14,0.0024877038955688491,0.11111123561859126,64.666721343994141,2,2,0.006103515625
static,102,1.7,1.3505010604858398,2.0937125100317644e-06,-4.4703483581542969e-07,0.51161229610443115,-2.8421709430404007e-14,0.0024877038955688491,0.11111123561859126,64.666721343994141,2,2,0.005859375
static,103,1.71666667,1.3505010604858398,2.0899872197333025e-06,-2.2351741790771484e-07,0.51161229610443115,3.3865887871797895e-09,0.0024877038955688491,0.11111123561859126,64.666721343994141,2,2,0.005859375
static,104,1.73333333,1.3505010604858398,2.0862619294348406e-06,-2.2351741790771484e-07,0.51161229610443115,3.3865887871797895e-09,0.0024877038955688491,0.11111123561859126,64.666721343994141,2,2,0.006103515625
static,105,1.75,1.3505010604858398,2.1085143089294434e-06,1.3351427696761675e-06,0.51161229610443115,0,0.0024877038955688491,0.11111123561859126,64.666725158691406,2,2,0.005859375
static,106,1.76666667,1.3505010604858398,2.1011630906286882e-06,-4.4107309804530814e-07,0.51161229610443115,-2.8421709430404007e-14,0.0024877038955688491,0.11111123561859126,64.666721343994141,2,2,0.005859375
static,107,1.78333333,1.3505010604858398,2.0937125100317644e-06,-4.4703483581542969e-07,0.51161229610443115,-2.8421709430404007e-14,0.0024877038955688491,0.11111123561859126,64.666721343994141,2,2,0.006103515625
static,108,1.8,1.3505010604858398,2.0899872197333025e-06,-2.2351741790771484e-07,0.51161229610443115,3.3865887871797895e-09,0.0024877038955688491,0.11111123561859126,64.666721343994141,2,2,0.005859375
static,109,1.81666667,1.3505010604858398,2.0862619294348406e-06,-2.2351741790771484e-07,0.51161229610443115,3.3865887871797895e-09,0.0024877038955688491,0.11111123561859126,64.666721343994141,2,2,0.005859375
static,110,1.83333333,1.3505010604858398,2.1085143089294434e-06,1.3351427696761675e-06,0.51161229610443115,0,0.0024877038955688491,0.11111123561859126,64.666725158691406,2,2,0.006103515625
static,111,1.85,1.3505010604858398,2.1011630906286882e-06,-4.4107309804530814e-07,0.51161229610443115,-2.8421709430404007e-14,0.0024877038955688491,0.11111123561859126,64.666721343994141,2,2,0.005859375
static,112,1.86666667,1.3505010604858398,2.0937125100317644e-06,-4.4703483581542969e-07,0.51161229610443115,-2.8421709430404007e-14,0.0024877038955688491,0.11111123561859126,64.666721343994141,2,2,0.005859375
static,113,1.88333333,1.3505010604858398,2.0899872197333025e-06,-2.2351741790771484e-07,0.51161229610443115,3.3865887871797895e-09,0.0024877038955688491,0.11111123561859126,64.666721343994141,2,2,0.006103515625
static,114,1.9,1.3505010604858398,2.0862619294348406e-06,-2.2351741790771484e-07,0.51161229610443115,3.3865887871797895e-09,0.0024877038955688491,0.11111123561859126,64.666721343994141,2,2,0.006103515625
static,115,1.91666667,1.3505010604858398,2.1085143089294434e-06,1.3351427696761675e-06,0.51161229610443115,0,0.0024877038955688491,0.11111123561859126,64.666725158691406,2,2,0.006103515625
static,116,1.93333333,1.3505010604858398,2.1011630906286882e-06,-4.4107309804530814e-07,0.51161229610443115,-2.8421709430404007e-14,0.0024877038955688491,0.11111123561859126,64.666721343994141,2,2,0.005859375
static,117,1.95,1.3505010604858398,2.0937125100317644e-06,-4.4703483581542969e-07,0.51161229610443115,-2.8421709430404007e-14,0.0024877038955688491,0.11111123561859126,64.666721343994141,2,2,0.005859375
static,118,1.96666667,1.3505010604858398,2.0899872197333025e-06,-2.2351741790771484e-07,0.51161229610443115,3.3865887871797895e-09,0.0024877038955688491,0.11111123561859126,64.666721343994141,2,2,0.006103515625
static,119,1.98333333,1.3505010604858398,2.0862619294348406e-06,-2.2351741790771484e-07,0.51161229610443115,3.3865887871797895e-09,0.0024877038955688491,0.11111123561859126,64.666721343994141,2,2,0.006103515625
response,0,0,1.3504924774169922,-0.00083694688510149717,-0.050341988821855921,0.51141321659088135,1.0103793101734482e-05,0.0026867834091186538,0.11092073917388912,112.41430282592773,2,2,0.006103515625
response,1,0.0166666667,1.3504756689071655,-0.0010923531372100115,-0.015324375126510859,0.51140457391738892,-1.5851269381528255e-06,0.0026954260826110854,0.11092890501022334,64.50084114074707,2,2,0.005859375
response,2,0.0333333333,1.3504559993743896,-0.0011907406151294708,-0.0059032486751675606,0.51142537593841553,-3.1495001167058945e-06,0.0026746240615844741,0.11096937656402583,64.845298767089844,2,2,0.005859375
response,3,0.05,1.3504354953765869,-0.0012142946943640709,-0.001413244754076004,0.51144832372665405,-3.0439327929343563e-06,0.0026516762733459487,0.11101282835006709,64.889503479003906,2,2,0.005859375
response,4,0.0666666667,1.3504152297973633,-0.0011827878188341856,0.0018904125317931175,0.51146906614303589,-2.6935331334243529e-06,0.0026309338569641127,0.11105383634567256,64.883937835693359,2,2,0.006103515625
response,5,0.0833333333,1.3503959178924561,-0.0011053069029003382,0.0046488549560308456,0.51148724555969238,-2.3503725969931111e-06,0.0026127544403076186,0.11109132766723628,64.871910095214844,2,2,0.005859375
response,6,0.1,1.3503783941268921,-0.00098926923237740993,0.0069622602313756943,0.51150310039520264,-2.044819211732829e-06,0.0025968996047973647,0.1111247062683105,64.859882354736328,2,2,0.005859375
response,7,0.116666667,1.3503631353378296,-0.00084211269859224558,0.0088293920271098614,0.51151686906814575,-1.7732277228788007e-06,0.0025831309318542495,0.11115373373031612,64.848636627197266,2,2,0.005859375
response,8,0.133333333,1.3503506183624268,-0.00067130499519407749,0.010248462203890085,0.51152884960174561,-1.5490222722291946e-06,0.002571150398254396,0.1111782312393188,64.837665557861328,2,2,0.005859375
response,9,0.15,1.3503412008285522,-0.00048397044884040952,0.011240072781220078,0.5115392804145813,-1.3452531675284263e-06,0.0025607195854187026,0.11119807958602901,64.8271484375,2,2,0.005859375
response,10,0.166666667,1.3503350019454956,-0.00028714229119941592,0.011809689458459616,0.51154834032058716,-1.177189233203535e-06,0.0025516596794128432,0.11121333837509151,64.816478729248047,2,2,0.006103515625
response,11,0.183333333,1.3503321409225464,-8.7262887973338366e-05,0.011992764193564653,0.51155620813369751,-1.0281828508595936e-06,0.0025437918663024917,0.11122406721115108,64.805850982666016,2,2,0.005859375
response,12,0.2,1.3503326177597046,0.00010957131598843262,0.011810052237706259,0.51156306266784668,-8.9405125436314847e-07,0.0025369373321533217,0.11123044490814205,64.794937133789062,2,2,0.005859375
response,13,0.216666667,1.3503363132476807,0.00029791219276376069,0.011300452606519684,0.51156908273696899,-7.8909488365752622e-07,0.0025309172630310073,0.11123276948928829,64.783771514892578,2,2,0.005859375
response,14,0.233333333,1.3503431081771851,0.00047302810708060861,0.010506954859010875,0.51157432794570923,-6.8615725012932671e-07,0.0025256720542907729,0.11123121976852413,64.772380828857422,2,2,0.006103515625
response,15,0.25,1.3503526449203491,0.00063078274251893163,0.0094652781262993813,0.51157891750335693,-6.0348907027218957e-07,0.0025210824966430678,0.11122627258300777,64.760852813720703,2,2,0.006103515625
response,16,0.266666667,1.3503645658493042,0.00076788489241153002,0.0082261289935559034,0.51158297061920166,-5.3642725106328726e-07,0.0025170293807983413,0.11121840476989742,64.749176025390625,2,2,0.005859375
response,17,0.283333333,1.3503785133361816,0.00088189111556857824,0.0068403733894228935,0.51158654689788818,-4.76837158203125e-07,0.0025134531021118178,0.1112080335617065,64.73748779296875,2,2,0.006103515625
response,18,0.3,1.3503941297531128,0.00097115203971043229,0.0053556554485112429,0.51158970594406128,-4.1724314314706135e-07,0.0025102940559387221,0.11119557619094844,64.725872039794922,2,2,0.006103515625
response,19,0.316666667,1.3504109382629395,0.0010345140472054482,0.0038017204497009516,0.51159244775772095,-3.7590774581985897e-07,0.0025075522422790542,0.11118150949478145,64.714221954345703,2,2,0.005859375
response,20,0.333333333,1.350428581237793,0.0010719728888943791,0.0022475305013358593,0.51159489154815674,-3.3190144677064382e-07,0.0025051084518432631,0.11116631031036373,64.703525543212891,2,2,0.005859375
response,21,0.35,1.3504465818405151,0.0010838122107088566,0.00071035930886864662,0.51159709692001343,-2.9802322387695312e-07,0.0025029030799865737,0.11115051507949825,64.693195343017578,2,2,0.006103515625
response,22,0.366666667,1.3504645824432373,0.0010710487840697169,-0.00076580559834837914,0.51159900426864624,-2.6077231041199411e-07,0.0025009957313537612,0.11113442182540889,64.683113098144531,2,2,0.005859375
response,23,0.383333333,1.3504821062088013,0.0010352199897170067,-0.0021497276611626148,0.51160073280334473,-2.3096470158634475e-07,0.0024992671966552749,0.11111862659454341,64.674049377441406,2,2,0.005859375
response,24,0.4,1.3504987955093384,0.00097851711325347424,-0.0034021725878119469,0.51160228252410889,-2.1268155592224502e-07,0.0024977174758911147,0.11110348701477046,64.665912628173828,2,2,0.006103515625
response,25,0.416666667,1.35051429271698,0.00090349448146298528,-0.0045013579074293375,0.51160365343093872,-1.8694780123951205e-07,0.0024963465690612807,0.1110893607139587,64.6588134765625,2,2,0.005859375
response,26,0.433333333,1.3505284786224365,0.00081287755165249109,-0.0054370157886296511,0.51160484552383423,-1.6729677554394584e-07,0.0024951544761657729,0.11107636690139766,64.652462005615234,2,2,0.005859375
response,27,0.45,1.3505409955978394,0.00070953491376712918,-0.0062005582731217146,0.51160591840744019,-1.4901689837643062e-07,0.0024940815925598159,0.11106492280960079,64.647258758544922,2,2,0.006103515625
response,28,0.466666667,1.3505516052246094,0.00059654819779098034,-0.0067792029585689306,0.51160687208175659,-1.3410945598479884e-07,0.0024931279182434096,0.11105526685714717,64.642910003662109,2,2,0.005859375
response,29,0.483333333,1.3505603075027466,0.00047729798825457692,-0.0071550125721842051,0.51160770654678345,-1.1853262549266219e-07,0.0024922934532165542,0.11104739904403682,64.639808654785156,2,2,0.005859375
response,30,0.5,1.3505669832229614,0.00035490968730300665,-0.0073432980570942163,0.51160848140716553,-1.0430912311676366e-07,0.0024915185928344741,0.11104149818420406,64.637928009033203,2,2,0.006103515625
response,31,0.516666667,1.3505716323852539,0.00023243407486006618,-0.0073485367465764284,0.51160913705825806,-9.2791950123682909e-08,0.0024908629417419448,0.11103750467300411,64.636936187744141,2,2,0.005859375
response,32,0.533333333,1.350574254989624,0.00011253272532485425,-0.0071940809721127152,0.51160973310470581,-7.4504811209408217e-08,0.0024902668952941909,0.11103547811508174,64.636608123779297,2,2,0.005859375
response,33,0.55,1.3505749702453613,-2.1131336325197481e-06,-0.0068787515374424402,0.51161020994186401,-5.9602825785987079e-08,0.0024897900581359877,0.11103523969650264,64.637149810791016,2,2,0.006103515625
response,34,0.566666667,1.3505737781524658,-0.00010924453818006441,-0.0064278842728526797,0.51161062717437744,-4.8767773819236027e-08,0.00248937282562256,0.11103684902191158,64.638568878173828,2,2,0.005859375
response,35,0.583333333,1.3505709171295166,-0.00020659014990087599,-0.0058407367032486945,0.51161098480224609,-4.8087471782309876e-08,0.0024890151977539077,0.11104006767272945,64.641017913818359,2,2,0.005859375
response,36,0.6,1.3505665063858032,-0.00029271325911395252,-0.0051673865527845919,0.51161128282546997,-3.3865781290387531e-08,0.0024887171745300307,0.1110447764396667,64.643531799316406,2,2,0.006103515625
response,37,0.616666667,1.3505607843399048,-0.00036613474367186427,-0.0044052890734747052,0.51161152124404907,-2.2351329675984744e-08,0.0024884787559509292,0.11105073690414424,64.646778106689453,2,2,0.006103515625
response,38,0.633333333,1.3505539894104004,-0.00042594192200340331,-0.0035884306998923421,0.5116117000579834,-2.506162388726807e-08,0.002488299942016603,0.11105771064758296,64.650367736816406,2,2,0.005859375
response,39,0.65,1.3505463600158691,-0.00047169168828986585,-0.0027449859771877527,0.51161181926727295,-6.7723462393587397e-09,0.0024881807327270522,0.11106545925140376,64.653999328613281,2,2,0.005859375
response,40,0.666666667,1.3505381345748901,-0.00050316884880885482,-0.001888629631139338,0.5116119384765625,-1.1514224240727344e-08,0.0024880615234375014,0.11107380390167232,64.658046722412109,2,2,0.006103515625
response,41,0.683333333,1.3505295515060425,-0.00052061525639146566,-0.0010467844549566507,0.51161199808120728,3.979039320256561e-13,0.002488001918792726,0.11108244657516475,64.661720275878906,2,2,0.005859375
response,42,0.7,1.3505208492279053,-0.00052447558846324682,-0.00023161992430686951,0.51161205768585205,3.694822225952521e-13,0.0024879423141479506,0.11109120845794673,64.665630340576172,2,2,0.006103515625
response,43,0.716666667,1.3505121469497681,-0.000515563297085464,0.0005347374826669693,0.51161211729049683,6.7735292930137803e-09,0.0024878827095031752,0.11109997034072872,64.669254302978516,2,2,0.006103515625
response,44,0.733333333,1.35050368309021,-0.00049493607366457582,0.0012376334052532911,0.51161211729049683,7.4508292868813442e-09,0.0024878827095031752,0.11110843420028682,64.672252655029297,2,2,0.006103515625
response,45,0.75,1.3504956960678101,-0.00046369011397473514,0.0018747575813904405,0.51161205768585205,7.4508292868813442e-09,0.0024879423141479506,0.11111636161804195,64.675296783447266,2,2,0.005859375
response,46,0.766666667,1.3504884243011475,-0.00042321332148276269,0.0024286075495183468,0.51161205768585205,7.4507049419025861e-09,0.0024879423141479506,0.11112363338470455,64.678287506103516,2,2,0.005859375
response,47,0.783333333,1.3504818677902222,-0.00037522739148698747,0.0028791557997465134,0.51161205768585205,4.0639740461756446e-09,0.0024879423141479506,0.11113018989562984,64.680431365966797,2,2,0.005859375
response,48,0.8,1.3504761457443237,-0.00032132567139342427,0.0032341032056137919,0.51161199808120728,1.0837787556283729e-08,0.002488001918792726,0.1111358523368835,64.682147979736328,2,2,0.005859375
response,49,0.816666667,1.3504713773727417,-0.00026316012372262776,0.0034899328602477908,0.5116119384765625,7.4508292868813442e-09,0.0024880615234375014,0.11114056110382076,64.683387756347656,2,2,0.005859375
response,50,0.833333333,1.3504675626754761,-0.00020243212929926813,0.0036436796654015779,0.51161187887191772,7.4503745395304577e-09,0.0024881211280822768,0.11114431619644161,64.684158325195312,2,2,0.005859375
response,51,0.85,1.3504648208618164,-0.00014062544505577534,0.0037084010546095669,0.51161181926727295,1.4900955136454286e-08,0.0024881807327270522,0.1111469984054565,64.684501647949219,2,2,0.006103515625
response,52,0.866666667,1.3504631519317627,-7.9239602200686932e-05,0.0036831505713053048,0.51161181926727295,0,0.0024881807327270522,0.11114866733551021,64.684761047363281,2,2,0.005859375
response,53,0.883333333,1.3504624366760254,-1.9845365386572666e-05,0.0035636542088468559,0.51161181926727295,6.7723249230766669e-10,0.0024881807327270522,0.11114938259124751,64.684223175048828,2,2,0.005859375
response,54,0.9,1.3504626750946045,3.6371748137753457e-05,0.0033730268114595674,0.51161181926727295,-1.1368683772161603e-13,0.0024881807327270522,0.11114914417266841,64.683349609375,2,2,0.006103515625
response,55,0.916666667,1.3504638671875,8.8250984845217317e-05,0.0031127542024478316,0.51161181926727295,-6.7740302256424911e-10,0.0024881807327270522,0.1111479520797729,64.682151794433594,2,2,0.005859375
response,56,0.933333333,1.3504657745361328,0.00013474642764776945,0.002789726568153128,0.51161181926727295,-8.5265128291212022e-14,0.0024881807327270522,0.11114604473114009,64.680652618408203,2,2,0.005859375
response,57,0.95,1.3504683971405029,0.00017522880807518959,0.0024289428256452084,0.51161181926727295,-7.4508186287403078e-09,0.0024881807327270522,0.11114342212676998,64.678970336914062,2,2,0.006103515625
response,58,0.966666667,1.3504717350006104,0.00020912916806992143,0.0020340215996839106,0.51161181926727295,-3.3866278670302563e-09,0.0024881807327270522,0.11114008426666255,64.677120208740234,2,2,0.005859375
response,59,0.983333333,1.350475549697876,0.00023582777066621929,0.0016019161557778716,0.51161181926727295,-3.3866278670302563e-09,0.0024881807327270522,0.11113626956939693,64.675094604492188,2,2,0.006103515625
response,60,1,1.3504797220230103,0.00025521637871861458,0.0011633164831437171,0.51161187887191772,-1.1514451614402788e-08,0.0024881211280822768,0.11113215684890743,64.673023223876953,2,2,0.005859375
response,61,1.01666667,1.3504841327667236,0.00026721550966612995,0.00071994785685092211,0.51161187887191772,-7.4507049419025861e-09,0.0024881211280822768,0.11112774610519405,64.670600891113281,2,2,0.005859375
response,62,1.03333333,1.3504886627197266,0.00027206880622543395,0.00029119779355823994,0.51161187887191772,-7.4507049419025861e-09,0.0024881211280822768,0.11112321615219112,64.668582916259766,2,2,0.006103515625
response,63,1.05,1.3504931926727295,0.00027013421640731394,-0.00011607538908720016,0.5116119384765625,-1.0837560182608286e-08,0.0024880615234375014,0.11111874580383296,64.666656494140625,2,2,0.005859375
response,64,1.06666667,1.3504976034164429,0.00026196462567895651,-0.00049017544370144606,0.51161199808120728,-1.3546262778163509e-08,0.002488001918792726,0.11111439466476436,64.664890289306641,2,2,0.005859375
response,65,1.08333333,1.3505018949508667,0.00024816268705762923,-0.00082811631727963686,0.51161205768585205,-1.4900955136454286e-08,0.0024879423141479506,0.11111016273498531,64.663280487060547,2,2,0.005859375
response,66,1.1,1.3505058288574219,0.00022933169384486973,-0.0011298595927655697,0.51161211729049683,-1.2192025167223619e-08,0.0024878827095031752,0.11110628843307491,64.661842346191406,2,2,0.006103515625
response,67,1.11666667,1.3505094051361084,0.00020613576634787023,-0.0013917556498199701,0.5116121768951416,-6.7735861364326411e-09,0.0024878231048583999,0.11110277175903316,64.660247802734375,2,2,0.005859375
response,68,1.13333333,1.3505126237869263,0.00017961030243895948,-0.0015915278345346451,0.51161223649978638,-1.0837105435257399e-08,0.0024877635002136245,0.11109961271286006,64.659297943115234,2,2,0.005859375
response,69,1.15,1.3505153656005859,0.000150458057760261,-0.0017491346807219088,0.51161229610443115,-4.0642014198510878e-09,0.0024877038955688491,0.11109693050384517,64.658535003662109,2,2,0.006103515625
response,70,1.16666667,1.3505175113677979,0.00011951079068239778,-0.001856836024671793,0.51161235570907593,-3.3866278670302563e-09,0.0024876442909240737,0.11109484434127803,64.658012390136719,2,2,0.005859375
response,71,1.18333333,1.3505191802978516,8.7636457465123385e-05,-0.0019124599930364639,0.51161235570907593,-3.3866278670302563e-09,0.0024876442909240737,0.11109317541122432,64.657386779785156,2,2,0.005859375
response,72,1.2,1.3505202531814575,5.5684995459159836e-05,-0.0019170877203578129,0.51161235570907593,1.1368683772161603e-13,0.0024876442909240737,0.11109210252761836,64.657360076904297,2,2,0.005859375
response,73,1.21666667,1.3505208492279053,2.4467410185025074e-05,-0.0018730551164480858,0.51161235570907593,-3.3865141801925347e-09,0.0024876442909240737,0.11109150648117061,64.657550811767578,2,2,0.006103515625
response,74,1.23333333,1.3505209684371948,-5.4022666517994367e-06,-0.0017921806102094706,0.51161235570907593,-3.3865141801925347e-09,0.0024876442909240737,0.11109138727188106,64.657909393310547,2,2,0.005859375
response,75,1.25,1.3505206108093262,-3.3328782592434436e-05,-0.0016755909564381,0.51161235570907593,1.7053025658242404e-13,0.0024876442909240737,0.11109174489974971,64.658447265625,2,2,0.006103515625
response,76,1.26666667,1.3505197763442993,-5.8748621086124331e-05,-0.0015251903096213937,0.51161235570907593,4.064020231453469e-09,0.0024876442909240737,0.11109257936477657,64.659141540527344,2,2,0.006103515625
response,77,1.28333333,1.3505185842514038,-8.1161160778719932e-05,-0.0013447523815557361,0.51161235570907593,-3.3865887871797895e-09,0.0024876442909240737,0.11109377145767207,64.659980773925781,2,2,0.006103515625
response,78,1.3,1.3505170345306396,-0.00010033314174506813,-0.0011503188579808921,0.51161235570907593,3.3866740523080807e-09,0.0024876442909240737,0.11109532117843623,64.660892486572266,2,2,0.006103515625
response,79,1.31666667,1.3505152463912964,-0.00011590967915253714,-0.00093459224444814026,0.51161235570907593,4.0640308895945054e-09,0.0024876442909240737,0.1110971093177795,64.661899566650391,2,2,0.005859375
response,80,1.33333333,1.350513219833374,-0.00012781153782270849,-0.00071411152021028101,0.51161235570907593,7.4505912550648645e-09,0.0024876442909240737,0.11109913587570186,64.662937164306641,2,2,0.005859375
response,81,1.35,1.3505109548568726,-0.00013599435624200851,-0.00049096910515800118,0.51161235570907593,6.7745986598310992e-10,0.0024876442909240737,0.11110140085220332,64.663986206054688,2,2,0.006103515625
response,82,1.36666667,1.3505086898803711,-0.00014035776257514954,-0.00026180437998846173,0.51161235570907593,4.063860359337923e-09,0.0024876442909240737,0.11110366582870479,64.665065765380859,2,2,0.006103515625
response,83,1.38333333,1.3505063056945801,-0.00014118467515800148,-4.9614754971116781e-05,0.51161235570907593,4.0639740461756446e-09,0.0024876442909240737,0.11110605001449581,64.666072845458984,2,2,0.005859375
response,84,1.4,1.3505039215087891,-0.00013855616271030158,0.00015771074686199427,0.51161235570907593,6.7733587627571978e-09,0.0024876442909240737,0.11110843420028682,64.66705322265625,2,2,0.005859375
response,85,1.41666667,1.3505016565322876,-0.00013272915384732187,0.00034962053177878261,0.51161229610443115,1.1514678988078231e-08,0.0024877038955688491,0.11111063957214351,64.667964935302734,2,2,0.006103515625
response,86,1.43333333,1.3504995107650757,-0.00012402042921166867,0.00052252347813919187,0.51161229610443115,0,0.0024877038955688491,0.11111278533935542,64.669124603271484,2,2,0.005859375
response,87,1.45,1.3504976034164429,-0.00011286517110420391,0.00066931548644788563,0.51161229610443115,0,0.0024877038955688491,0.11111469268798824,64.669818878173828,2,2,0.005859375
response,88,1.46666667,1.3504958152770996,-9.9789300293195993e-05,0.00078455224866047502,0.51161229610443115,7.4505912550648645e-09,0.0024877038955688491,0.1111164808273315,64.670368194580078,2,2,0.006103515625
response,89,1.48333333,1.3504942655563354,-8.51061922730878e-05,0.00088098648120649159,0.51161229610443115,7.4505912550648645e-09,0.0024877038955688491,0.11111803054809566,64.67083740234375,2,2,0.006103515625
response,90,1.5,1.3504929542541504,-6.9228910433594137e-05,0.00095263691036961973,0.51161229610443115,4.063860359337923e-09,0.0024877038955688491,0.11111934185028072,64.671180725097656,2,2,0.005859375
response,91,1.51666667,1.350492000579834,-5.2609098929679021e-05,0.00099718869023490697,0.51161229610443115,4.0639740461756446e-09,0.0024877038955688491,0.11112029552459712,64.671398162841797,2,2,0.006103515625
response,92,1.53333333,1.3504912853240967,-3.5845736420014873e-05,0.0010058017505798489,0.51161229610443115,6.7723249230766669e-10,0.0024877038955688491,0.11112101078033443,64.671455383300781,2,2,0.005859375
response,93,1.55,1.3504908084869385,-1.9204218915547244e-05,0.00099849105026805773,0.51161229610443115,6.7732450759194762e-09,0.0024877038955688491,0.11112148761749263,64.671432495117188,2,2,0.005859375
response,94,1.56666667,1.3504906892776489,-3.0821561267657671e-06,0.00096732376732688863,0.51161229610443115,7.4505912550648645e-09,0.0024877038955688491,0.11112160682678218,64.671295166015625,2,2,0.006103515625
response,95,1.58333333,1.3504908084869385,1.2071877790731378e-05,0.0009092420350498287,0.51161229610443115,4.063860359337923e-09,0.0024877038955688491,0.11112148761749263,64.671028137207031,2,2,0.005859375
response,96,1.6,1.3504911661148071,2.5973668016376905e-05,0.00083410741353873163,0.51161229610443115,4.0639172027567838e-09,0.0024877038955688491,0.11112112998962398,64.670677185058594,2,2,0.005859375
response,97,1.61666667,1.3504917621612549,3.8392790884245187e-05,0.00074514737207209691,0.51161229610443115,3.3865603654703591e-09,0.0024877038955688491,0.11112053394317623,64.670265197753906,2,2,0.006103515625
response,98,1.63333333,1.3504924774169922,4.9074835260398686e-05,0.00064092266256920993,0.51161229610443115,-4.064020231453469e-09,0.0024877038955688491,0.11111981868743892,64.669784545898438,2,2,0.006103515625
response,99,1.65,1.3504934310913086,5.7977285905508325e-05,0.00053414703870657831,0.51161229610443115,0,0.0024877038955688491,0.11111886501312251,64.669281005859375,2,2,0.005859375
response,100,1.66666667,1.3504945039749146,6.4869076595641673e-05,0.00041350744140800089,0.51161229610443115,-2.7093278731626924e-09,0.0024877038955688491,0.11111779212951656,64.668716430664062,2,2,0.005859375
response,101,1.68333333,1.3504956960678101,6.9762463681399822e-05,0.00029360322514548898,0.51161229610443115,-4.0640060205987538e-09,0.0024877038955688491,0.11111660003662105,64.66815185546875,2,2,0.006103515625
response,102,1.7,1.3504968881607056,7.2611219366081059e-05,0.0001709253410808742,0.51161229610443115,-6.7737460085481871e-10,0.0024877038955688491,0.11111540794372554,64.667572021484375,2,2,0.005859375
response,103,1.71666667,1.3504980802536011,7.354527770075947e-05,5.6043500080704689e-05,0.51161229610443115,3.3866172088892199e-09,0.0024877038955688491,0.11111421585083003,64.667034149169922,2,2,0.005859375
response,104,1.73333333,1.3504992723464966,7.2750597610138357e-05,-4.7680805437266827e-05,0.51161229610443115,3.3865603654703591e-09,0.0024877038955688491,0.11111302375793453,64.666538238525391,2,2,0.006103515625
response,105,1.75,1.3505004644393921,7.027963874861598e-05,-0.00014825753169134259,0.51161229610443115,-6.7732450759194762e-09,0.0024877038955688491,0.11111183166503902,64.666061401367188,2,2,0.005859375
response,106,1.76666667,1.3505016565322876,6.6273860284127295e-05,-0.00024034670786932111,0.51161229610443115,-4.063860359337923e-09,0.0024877038955688491,0.11111063957214351,64.665622711181641,2,2,0.005859375
response,107,1.78333333,1.3505027294158936,6.0864091210532933e-05,-0.00032458614441566169,0.51161229610443115,-6.7732450759194762e-09,0.0024877038955688491,0.11110956668853755,64.665218353271484,2,2,0.006103515625
response,108,1.8,1.35050368309021,5.4302759963320568e-05,-0.00039367987483274192,0.51161229610443115,-7.4505912550648645e-09,0.0024877038955688491,0.11110861301422115,64.664890289306641,2,2,0.006103515625
response,109,1.81666667,1.3505045175552368,4.6851633669575676e-05,-0.00044706757762469351,0.51161229610443115,-4.0639740461756446e-09,0.0024877038955688491,0.11110777854919429,64.664634704589844,2,2,0.005859375
response,110,1.83333333,1.3505052328109741,3.8744656194467098e-05,-0.00048641864850651473,0.51161229610443115,-6.7723249230766669e-10,0.0024877038955688491,0.11110706329345699,64.664436340332031,2,2,0.005859375
response,111,1.85,1.3505058288574219,3.0203114874893799e-05,-0.00051249247917439789,0.51161229610443115,-4.063860359337923e-09,0.0024877038955688491,0.11110646724700923,64.664310455322266,2,2,0.006103515625
response,112,1.86666667,1.3505061864852905,2.1392803319031373e-05,-0.00052861869335174561,0.51161229610443115,1.1368683772161603e-13,0.0024877038955688491,0.11110610961914058,64.664230346679688,2,2,0.005859375
response,113,1.88333333,1.3505064249038696,1.2727677130897064e-05,-0.00051990757128805853,0.51161229610443115,0,0.0024877038955688491,0.11110587120056148,64.664264678955078,2,2,0.005859375
response,114,1.9,1.3505065441131592,4.3009717956010718e-06,-0.00050560232011775952,0.51161229610443115,-7.4504775682271429e-09,0.0024877038955688491,0.11110575199127193,64.664333343505859,2,2,0.005859375
response,115,1.91666667,1.3505065441131592,-3.6675235151051311e-06,-0.00047810971864237217,0.51161229610443115,0,0.0024877038955688491,0.11110575199127193,64.664447784423828,2,2,0.006103515625
response,116,1.93333333,1.3505064249038696,-1.1087208804383408e-05,-0.00044518111735669663,0.51161229610443115,-3.3866278670302563e-09,0.0024877038955688491,0.11110587120056148,64.664604187011719,2,2,0.005859375
response,117,1.95,1.3505061864852905,-1.7810909412219189e-05,-0.00040342203647014685,0.51161229610443115,-4.0639740461756446e-09,0.0024877038955688491,0.11110610961914058,64.664798736572266,2,2,0.006103515625
response,118,1.96666667,1.3505058288574219,-2.3722846890450455e-05,-0.00035471624869387597,0.51161229610443115,3.3866740523080807e-09,0.0024877038955688491,0.11110646724700923,64.665031433105469,2,2,0.006103515625
response,119,1.98333333,1.3505053520202637,-2.8676489819190465e-05,-0.00029721857572440058,0.51161229610443115,-4.063860359337923e-09,0.0024877038955688491,0.11110694408416744,64.665290832519531,2,2,0.005859375
response,120,2,1.3505048751831055,-3.2625845051370561e-05,-0.00023696131393080577,0.51161229610443115,0,0.0024877038955688491,0.11110742092132564,64.66558837890625,2,2,0.005859375
response,121,2.01666667,1.3505042791366577,-3.5626340832095593e-05,-0.00018002974684350193,0.51161229610443115,-2.8421709430404007e-14,0.0024877038955688491,0.11110801696777339,64.665843963623047,2,2,0.006103515625
response,122,2.03333333,1.35050368309021,-3.7545312807196751e-05,-0.00011513831850606948,0.51161229610443115,-6.7734617914538831e-10,0.0024877038955688491,0.11110861301422115,64.666152954101562,2,2,0.005859375
response,123,2.05,1.3505030870437622,-3.8478821807075292e-05,-5.6010539992712438e-05,0.51161229610443115,3.3866172088892199e-09,0.0024877038955688491,0.1111092090606689,64.666431427001953,2,2,0.005859375
response,124,2.06666667,1.3505024909973145,-3.8504353142343462e-05,-1.5318801160901785e-06,0.51161229610443115,-3.3866172088892199e-09,0.0024877038955688491,0.11110980510711665,64.66668701171875,2,2,0.006103515625
response,125,2.08333333,1.3505018949508667,-3.7669342418666929e-05,5.010064342059195e-05,0.51161229610443115,-3.5527136788005009e-15,0.0024877038955688491,0.11111040115356441,64.666934967041016,2,2,0.005859375
response,126,2.1,1.3505012989044189,-3.6056739190826192e-05,9.6756193670444191e-05,0.51161229610443115,-7.1054273576010019e-15,0.0024877038955688491,0.11111099720001216,64.667156219482422,2,2,0.005859375
response,127,2.11666667,1.3505007028579712,-3.3711989090079442e-05,0.00014068500604480505,0.51161229610443115,3.3866385251712927e-09,0.0024877038955688491,0.11111159324645992,64.667366027832031,2,2,0.006103515625
response,128,2.13333333,1.350500226020813,-3.0665149097330868e-05,0.00018281039956491441,0.51161229610443115,7.1054273576010019e-15,0.0024877038955688491,0.11111207008361812,64.667568206787109,2,2,0.005859375
response,129,2.15,1.3504997491836548,-2.7162830519955605e-05,0.00021013911464251578,0.51161229610443115,1.4210854715202004e-14,0.0024877038955688491,0.11111254692077632,64.667697906494141,2,2,0.005859375
response,130,2.16666667,1.3504993915557861,-2.3220927687361836e-05,0.00023651416995562613,0.51161229610443115,3.3866314197439351e-09,0.0024877038955688491,0.11111290454864498,64.667827606201172,2,2,0.006103515625
response,131,2.18333333,1.3504990339279175,-1.9041697669308633e-05,0.00025075380108319223,0.51161229610443115,0,0.0024877038955688491,0.11111326217651363,64.667888641357422,2,2,0.005859375
response,132,2.2,1.3504987955093384,-1.4656385246780701e-05,0.0002631187453516759,0.51161229610443115,4.063949177179893e-09,0.0024877038955688491,0.11111350059509273,64.667957305908203,2,2,0.005859375
response,133,2.21666667,1.3504985570907593,-1.0234365618089214e-05,0.00026532117772148922,0.51161229610443115,-4.0639562826072506e-09,0.0024877038955688491,0.11111373901367183,64.667972564697266,2,2,0.006103515625
response,134,2.23333333,1.3504984378814697,-5.7826441661745775e-06,0.00026710328711487819,0.51161229610443115,3.3866314197439351e-09,0.0024877038955688491,0.11111385822296138,64.667984008789062,2,2,0.005859375
response,135,2.25,1.3504984378814697,-1.4767547327210195e-06,0.00025835336600721348,0.51161229610443115,6.773248628633155e-10,0.0024877038955688491,0.11111385822296138,64.667934417724609,2,2,0.005859375
response,136,2.26666667,1.3504984378814697,2.5135775558737805e-06,0.000239419937315688,0.51161229610443115,3.3866243143165775e-09,0.0024877038955688491,0.11111385822296138,64.667858123779297,2,2,0.006103515625
response,137,2.28333333,1.3504985570907593,6.215969733602833e-06,0.00022214353066374315,0.51161229610443115,-2.7093030041669408e-09,0.0024877038955688491,0.11111373901367183,64.667770385742188,2,2,0.005859375
response,138,2.3,1.3504986763000488,9.4936785899335518e-06,0.00019666253137984313,0.51161229610443115,-3.5526977969327399e-15,0.0024877038955688491,0.11111361980438228,64.667655944824219,2,2,0.005859375
response,139,2.31666667,1.3504989147186279,1.2369701835268643e-05,0.00017256139472010545,0.51161229610443115,3.3866172088892199e-09,0.0024877038955688491,0.11111338138580318,64.667549133300781,2,2,0.006103515625
response,140,2.33333333,1.350499153137207,1.4675656530016568e-05,0.00013835728168487549,0.51161229610443115,-4.063949177179893e-09,0.0024877038955688491,0.11111314296722408,64.667381286621094,2,2,0.005859375
response,141,2.35,1.3504993915557861,1.6512223737663589e-05,0.00011019403245882131,0.51161229610443115,-2.7093136623079772e-09,0.0024877038955688491,0.11111290454864498,64.667251586914062,2,2,0.005859375
response,142,2.36666667,1.3504996299743652,1.7863412722363137e-05,8.1071339081972837e-05,0.51161229610443115,0,0.0024877038955688491,0.11111266613006587,64.6671142578125,2,2,0.006103515625
response,143,2.38333333,1.3504999876022339,1.8772383555187844e-05,5.4538249969482422e-05,0.51161229610443115,-3.3866172088892199e-09,0.0024877038955688491,0.11111230850219722,64.6669921875,2,2,0.006103515625
response,144,2.4,1.3505003452301025,1.9106566469417885e-05,2.0050974853802472e-05,0.51161229610443115,4.0639349663251778e-09,0.0024877038955688491,0.11111195087432857,64.666820526123047,2,2,0.005859375
response,145,2.41666667,1.3505007028579712,1.8917122361017391e-05,-1.1366646504029632e-05,0.51161229610443115,-4.0639918097440386e-09,0.0024877038955688491,0.11111159324645992,64.666675567626953,2,2,0.006103515625
response,146,2.43333333,1.3505010604858398,1.8224218365503475e-05,-4.1574239730834961e-05,0.51161229610443115,-3.3866456305986503e-09,0.0024877038955688491,0.11111123561859126,64.666534423828125,2,2,0.005859375
response,147,2.45,1.3505012989044189,1.7080008547054604e-05,-6.8652589106932282e-05,0.51161229610443115,2.7093278731626924e-09,0.0024877038955688491,0.11111099720001216,64.666404724121094,2,2,0.006103515625
response,148,2.46666667,1.350501537322998,1.5696832633693703e-05,-8.2990554801654071e-05,0.51161229610443115,-6.7734617914538831e-10,0.0024877038955688491,0.11111075878143306,64.666332244873047,2,2,0.005859375
response,149,2.48333333,1.3505017757415771,1.4050255231268238e-05,-9.8794644145527855e-05,0.51161229610443115,3.3865603654703591e-09,0.0024877038955688491,0.11111052036285396,64.666263580322266,2,2,0.005859375
response,150,2.5,1.3505020141601562,1.2173156392236706e-05,-0.00011262593034189194,0.51161229610443115,2.7093278731626924e-09,0.0024877038955688491,0.11111028194427486,64.666194915771484,2,2,0.006103515625
response,151,2.51666667,1.3505022525787354,1.0086546353704762e-05,-0.00012519660231191665,0.51161229610443115,5.6843418860808015e-14,0.0024877038955688491,0.11111004352569576,64.666130065917969,2,2,0.006103515625
response,152,2.53333333,1.3505023717880249,7.8177454270189628e-06,-0.00013612805560114793,0.51161229610443115,-3.3866172088892199e-09,0.0024877038955688491,0.11110992431640621,64.666080474853516,2,2,0.005859375
response,153,2.55,1.3505024909973145,5.5459636314481031e-06,-0.00013630690773425158,0.51161229610443115,3.3866172088892199e-09,0.0024877038955688491,0.11110980510711665,64.666080474853516,2,2,0.006103515625
response,154,2.56666667,1.350502610206604,3.2537182050873525e-06,-0.00013753472558164503,0.51161229610443115,-3.3866172088892199e-09,0.0024877038955688491,0.1111096858978271,64.666069030761719,2,2,0.005859375
response,155,2.58333333,1.350502610206604,9.712080100143794e-07,-0.00013695061170437839,0.51161229610443115,-4.0639633880346082e-09,0.0024877038955688491,0.1111096858978271,64.66607666015625,2,2,0.005859375
response,156,2.6,1.350502610206604,-1.1745592018996831e-06,-0.00012874603271484375,0.51161229610443115,-3.3866172088892199e-09,0.0024877038955688491,0.1111096858978271,64.666114807128906,2,2,0.006103515625
response,157,2.61666667,1.350502610206604,-3.1644106002204353e-06,-0.00011939108389924513,0.51161229610443115,-2.8421709430404007e-14,0.0024877038955688491,0.1111096858978271,64.666156768798828,2,2,0.005859375
response,158,2.63333333,1.3505024909973145,-5.0190587899123784e-06,-0.00011127889138151659,0.51161229610443115,-2.8421709430404007e-14,0.0024877038955688491,0.11110980510711665,64.666183471679688,2,2,0.005859375
response,159,2.65,1.3505023717880249,-6.5577028180996422e-06,-9.2318641691235825e-05,0.51161229610443115,6.7734617914538831e-10,0.0024877038955688491,0.11110992431640621,64.666271209716797,2,2,0.006103515625
response,160,2.66666667,1.3505022525787354,-7.8141192716429941e-06,-7.5384987212601118e-05,0.51161229610443115,2.709299451453262e-09,0.0024877038955688491,0.11111004352569576,64.666358947753906,2,2,0.005859375
response,161,2.68333333,1.3505021333694458,-8.8183078332804143e-06,-6.0251313698245212e-05,0.51161229610443115,-2.8421709430404007e-14,0.0024877038955688491,0.11111016273498531,64.666427612304688,2,2,0.005859375
response,162,2.7,1.3505020141601562,-9.5778204922680743e-06,-4.5570759539259598e-05,0.51161229610443115,-4.0639349663251778e-09,0.0024877038955688491,0.11111028194427486,64.666496276855469,2,2,0.006103515625
response,163,2.71666667,1.3505018949508667,-1.0122259482159279e-05,-3.2666339393472299e-05,0.51161229610443115,-4.0639349663251778e-09,0.0024877038955688491,0.11111040115356441,64.666557312011719,2,2,0.005859375
response,164,2.73333333,1.3505017757415771,-1.0460167686687782e-05,-2.0274492271710187e-05,0.51161229610443115,2.8421709430404007e-14,0.0024877038955688491,0.11111052036285396,64.666614532470703,2,2,0.005859375
response,165,2.75,1.3505016565322876,-1.0591099453449715e-05,-7.8559060057159513e-06,0.51161229610443115,-2.8421709430404007e-14,0.0024877038955688491,0.11111063957214351,64.666675567626953,2,2,0.006103515625
response,166,2.76666667,1.350501537322998,-1.0538399692450184e-05,3.1619856599718332e-06,0.51161229610443115,0,0.0024877038955688491,0.11111075878143306,64.666725158691406,2,2,0.005859375
response,167,2.78333333,1.3505014181137085,-1.0327150448574685e-05,1.2674954632529989e-05,0.51161229610443115,0,0.0024877038955688491,0.11111087799072261,64.666770935058594,2,2,0.005859375
response,168,2.8,1.3505012989044189,-9.9684293672908098e-06,2.1523264877032489e-05,0.51161229610443115,1.4210854715202004e-14,0.0024877038955688491,0.11111099720001216,64.666816711425781,2,2,0.006103515625
response,169,2.81666667,1.3505011796951294,-9.4612441898789257e-06,3.0431110644713044e-05,0.51161229610443115,6.773035465812427e-10,0.0024877038955688491,0.11111111640930171,64.666854858398438,2,2,0.005859375
response,170,2.83333333,1.3505010604858398,-8.8215874711750075e-06,3.837940312223509e-05,0.51161229610443115,0,0.0024877038955688491,0.11111123561859126,64.666896820068359,2,2,0.005859375
response,171,2.85,1.3505009412765503,-8.0578029155731201e-06,4.5827073336113244e-05,0.51161229610443115,4.063949177179893e-09,0.0024877038955688491,0.11111135482788081,64.666934967041016,2,2,0.006103515625
response,172,2.86666667,1.3505008220672607,-7.1669119279249571e-06,5.3453459258889779e-05,0.51161229610443115,-3.3866314197439351e-09,0.0024877038955688491,0.11111147403717037,64.666969299316406,2,2,0.006103515625
response,173,2.88333333,1.3505007028579712,-6.1840810303692706e-06,5.8969853853341192e-05,0.51161229610443115,1.4210854715202004e-14,0.0024877038955688491,0.11111159324645992,64.666996002197266,2,2,0.005859375
response,174,2.9,1.3505005836486816,-5.0952035053342115e-06,6.5332651502103545e-05,0.51161229610443115,4.0639633880346082e-09,0.0024877038955688491,0.11111171245574947,64.667026519775391,2,2,0.006103515625
response,175,2.91666667,1.3505004644393921,-3.9216379263962153e-06,7.0413934736279771e-05,0.51161229610443115,-4.0639633880346082e-09,0.0024877038955688491,0.11111183166503902,64.66705322265625,2,2,0.006103515625
response,176,2.93333333,1.3505004644393921,-2.6481350232643308e-06,7.6410174187913071e-05,0.51161229610443115,-6.773319682906731e-10,0.0024877038955688491,0.11111183166503902,64.667083740234375,2,2,0.005859375
response,177,2.95,1.3505004644393921,-1.4891227237967541e-06,6.95407379680546e-05,0.51161229610443115,0,0.0024877038955688491,0.11111183166503902,64.667045593261719,2,2,0.005859375
response,178,2.96666667,1.3505004644393921,-4.0923555388872046e-07,6.4793230194482021e-05,0.51161229610443115,-3.3866314197439351e-09,0.0024877038955688491,0.11111183166503902,64.667022705078125,2,2,0.005859375
response,179,2.98333333,1.3505004644393921,6.0031811699445825e-07,6.0573220252990723e-05,0.51161229610443115,-3.3866172088892199e-09,0.0024877038955688491,0.11111183166503902,64.667007446289062,2,2,0.005859375
response,180,3,1.3505004644393921,1.5428165625053225e-06,5.6549906730651855e-05,0.51161229610443115,3.3866172088892199e-09,0.0024877038955688491,0.11111183166503902,64.666988372802734,2,2,0.005859375
response,181,3.01666667,1.3505004644393921,2.4289886368933367e-06,5.3170324463280849e-05,0.51161229610443115,-2.8421709430404007e-14,0.0024877038955688491,0.11111183166503902,64.666973114013672,2,2,0.006103515625
response,182,3.03333333,1.3505004644393921,3.2458206078445073e-06,4.900991825707024e-05,0.51161229610443115,-2.8421709430404007e-14,0.0024877038955688491,0.11111183166503902,64.666954040527344,2,2,0.005859375
response,183,3.05,1.3505005836486816,4.0169556996261235e-06,4.6268105506896973e-05,0.51161229610443115,3.3866172088892199e-09,0.0024877038955688491,0.11111171245574947,64.666942596435547,2,2,0.005859375
response,184,3.06666667,1.3505007028579712,4.5491260607377626e-06,3.1930221666698344e-05,0.51161229610443115,-3.3866172088892199e-09,0.0024877038955688491,0.11111159324645992,64.666873931884766,2,2,0.006103515625
response,185,3.08333333,1.3505008220672607,4.8801302909851074e-06,1.9860253814840689e-05,0.51161229610443115,-2.8421709430404007e-14,0.0024877038955688491,0.11111147403717037,64.66680908203125,2,2,0.005859375
response,186,3.1,1.3505009412765503,5.0179660320281982e-06,8.2701444625854492e-06,0.51161229610443115,0,0.0024877038955688491,0.11111135482788081,64.666763305664062,2,2,0.005859375
response,187,3.11666667,1.3505010604858398,4.984438419342041e-06,-2.0116567611694336e-06,0.51161229610443115,2.709299451453262e-09,0.0024877038955688491,0.11111123561859126,64.666706085205078,2,2,0.006103515625
response,188,3.13333333,1.3505011796951294,4.7795474529266357e-06,-1.2293457984924316e-05,0.51161229610443115,3.3866456305986503e-09,0.0024877038955688491,0.11111111640930171,64.666660308837891,2,2,0.005859375
response,189,3.15,1.3505012989044189,4.4107437133789062e-06,-2.212822437286377e-05,0.51161229610443115,3.3866456305986503e-09,0.0024877038955688491,0.11111099720001216,64.666618347167969,2,2,0.005859375
response,190,3.16666667,1.3505014181137085,3.8854777812957764e-06,-3.1515955924987793e-05,0.51161229610443115,-4.0639349663251778e-09,0.0024877038955688491,0.11111087799072261,64.666572570800781,2,2,0.006103515625
response,191,3.18333333,1.3505014181137085,3.2484531402587891e-06,-3.8221478462219238e-05,0.51161229610443115,3.3866456305986503e-09,0.0024877038955688491,0.11111087799072261,64.666542053222656,2,2,0.005859375
response,192,3.2,1.3505014181137085,2.6486814022064209e-06,-3.598630428314209e-05,0.51161229610443115,4.0639633880346082e-09,0.0024877038955688491,0.11111087799072261,64.666553497314453,2,2,0.005859375
response,193,3.21666667,1.3505014181137085,2.0926197521475842e-06,-3.3363699003530201e-05,0.51161229610443115,-3.3866456305986503e-09,0.0024877038955688491,0.11111087799072261,64.66656494140625,2,2,0.006103515625
response,194,3.23333333,1.3505014181137085,1.5864272882026853e-06,-3.0371547836693935e-05,0.51161229610443115,3.3865887871797895e-09,0.0024877038955688491,0.11111087799072261,64.666568756103516,2,2,0.005859375
response,195,3.25,1.3505014181137085,1.1095901299995603e-06,-2.86102294921875e-05,0.51161229610443115,6.772893357265275e-10,0.0024877038955688491,0.11111087799072261,64.666576385498047,2,2,0.005859375
response,196,3.26666667,1.3505014181137085,6.6628058448259253e-07,-2.6598572731018066e-05,0.51161229610443115,0,0.0024877038955688491,0.11111087799072261,64.666591644287109,2,2,0.006103515625
response,197,3.28333333,1.3505014181137085,2.6077032089233398e-07,-2.4330615815415513e-05,0.51161229610443115,-3.3866456305986503e-09,0.0024877038955688491,0.11111087799072261,64.666599273681641,2,2,0.005859375
response,198,3.3,1.3505014181137085,-1.3038516044616699e-07,-2.3469328880310059e-05,0.51161229610443115,3.3866172088892199e-09,0.0024877038955688491,0.11111087799072261,64.666610717773438,2,2,0.005859375
response,199,3.31666667,1.3505014181137085,-5.0346056923444849e-07,-2.238452452729689e-05,0.51161229610443115,4.0639349663251778e-09,0.0024877038955688491,0.11111087799072261,64.666618347167969,2,2,0.006103515625
response,200,3.33333333,1.3505014181137085,-8.5309147834777832e-07,-2.097785454679979e-05,0.51161229610443115,3.3866456305986503e-09,0.0024877038955688491,0.11111087799072261,64.6666259765625,2,2,0.005859375
response,201,3.35,1.3505014181137085,-1.1846423149108887e-06,-1.9893050193786621e-05,0.51161229610443115,-2.8421709430404007e-14,0.0024877038955688491,0.11111087799072261,64.6666259765625,2,2,0.005859375
response,202,3.36666667,1.3505014181137085,-1.4943877886253176e-06,-1.8584728422865737e-05,0.51161229610443115,-2.8421709430404007e-14,0.0024877038955688491,0.11111087799072261,64.6666259765625,2,2,0.006103515625
response,203,3.38333333,1.3505014181137085,-1.7770628346625017e-06,-1.6960502762231044e-05,0.51161229610443115,3.3865887871797895e-09,0.0024877038955688491,0.11111087799072261,64.666637420654297,2,2,0.005859375
response,204,3.4,1.3505014181137085,-2.0415584458532976e-06,-1.5869736671447754e-05,0.51161229610443115,-2.8421709430404007e-14,0.0024877038955688491,0.11111087799072261,64.666641235351562,2,2,0.005859375
response,205,3.41666667,1.3505014181137085,-2.2655228804069338e-06,-1.3437866073218174e-05,0.51161229610443115,2.8421709430404007e-14,0.0024877038955688491,0.11111087799072261,64.666652679443359,2,2,0.006103515625
response,206,3.43333333,1.3505014181137085,-2.4778644274192629e-06,-1.2740492820739746e-05,0.51161229610443115,3.3866172088892199e-09,0.0024877038955688491,0.11111087799072261,64.666660308837891,2,2,0.020751953125
response,207,3.45,1.3505014181137085,-2.6635825634002686e-06,-1.1143088158860337e-05,0.51161229610443115,3.3866172088892199e-09,0.0024877038955688491,0.11111087799072261,64.666660308837891,2,2,0.006591796875
response,208,3.46666667,1.3505014181137085,-2.8423964977264404e-06,-1.0728836059570312e-05,0.51161229610443115,-3.3866456305986503e-09,0.0024877038955688491,0.11111087799072261,64.666664123535156,2,2,0.005859375
response,209,3.48333333,1.3505014181137085,-3.0174851417541504e-06,-1.0505318641662598e-05,0.51161229610443115,-2.8421709430404007e-14,0.0024877038955688491,0.11111087799072261,64.666664123535156,2,2,0.005859375
response,210,3.5,1.3505014181137085,-3.1851232051849365e-06,-1.0058283805847168e-05,0.51161229610443115,0,0.0024877038955688491,0.11111087799072261,64.666671752929688,2,2,0.005859375
response,211,3.51666667,1.3505014181137085,-3.3266842365264893e-06,-8.4936618804931641e-06,0.51161229610443115,-2.8421709430404007e-14,0.0024877038955688491,0.11111087799072261,64.666679382324219,2,2,0.006103515625
response,212,3.53333333,1.3505014181137085,-3.4533441066741943e-06,-7.5995922088623047e-06,0.51161229610443115,4.0639633880346082e-09,0.0024877038955688491,0.11111087799072261,64.666683197021484,2,2,0.006103515625
response,213,3.55,1.3505014181137085,-3.5800039768218994e-06,-7.5995922088623047e-06,0.51161229610443115,-3.3866456305986503e-09,0.0024877038955688491,0.11111087799072261,64.666679382324219,2,2,0.005859375
response,214,3.56666667,1.3505012989044189,-3.6917626857757568e-06,-6.7055225372314453e-06,0.51161229610443115,-6.773177574359579e-10,0.0024877038955688491,0.11111099720001216,64.666683197021484,2,2,0.005859375
response,215,3.58333333,1.3505011796951294,-3.6209821701049805e-06,4.246830940246582e-06,0.51161229610443115,-4.0639633880346082e-09,0.0024877038955688491,0.11111111640930171,64.666736602783203,2,2,0.006103515625
response,216,3.6,1.3505011796951294,-3.3900141716003418e-06,1.385807991027832e-05,0.51161229610443115,-4.0639633880346082e-09,0.0024877038955688491,0.11111111640930171,64.666786193847656,2,2,0.006103515625
response,217,3.61666667,1.3505011796951294,-3.1776726245880127e-06,1.2740492820739746e-05,0.51161229610443115,3.3866172088892199e-09,0.0024877038955688491,0.11111111640930171,64.666774749755859,2,2,0.005859375
response,218,3.63333333,1.3505011796951294,-3.0031303595023928e-06,1.0472535905137192e-05,0.51161229610443115,-4.0639349663251778e-09,0.0024877038955688491,0.11111111640930171,64.666767120361328,2,2,0.005859375
response,219,3.65,1.3505011796951294,-2.8317670057731448e-06,1.0281801223754883e-05,0.51161229610443115,3.3866172088892199e-09,0.0024877038955688491,0.11111111640930171,64.666763305664062,2,2,0.006103515625
response,220,3.66666667,1.3505011796951294,-2.6710331439971924e-06,9.6440317065571435e-06,0.51161229610443115,4.0639349663251778e-09,0.0024877038955688491,0.11111111640930171,64.666763305664062,2,2,0.006103515625
response,221,3.68333333,1.3505011796951294,-2.5113920401054202e-06,9.5784662335063331e-06,0.51161229610443115,0,0.0024877038955688491,0.11111111640930171,64.666759490966797,2,2,0.005859375
response,222,3.7,1.3505011796951294,-2.3586551378684817e-06,9.1642141342163086e-06,0.51161229610443115,3.3866172088892199e-09,0.0024877038955688491,0.11111111640930171,64.666759490966797,2,2,0.005859375
response,223,3.71666667,1.3505011796951294,-2.213368816228467e-06,8.7171792984008789e-06,0.51161229610443115,-3.3866740523080807e-09,0.0024877038955688491,0.11111111640930171,64.666755676269531,2,2,0.006103515625
response,224,3.73333333,1.3505011796951294,-2.0829836557823e-06,7.8231096267700195e-06,0.51161229610443115,-4.0639349663251778e-09,0.0024877038955688491,0.11111111640930171,64.666751861572266,2,2,0.005859375
response,225,3.75,1.3505011796951294,-1.9739568415388931e-06,6.5416088546044193e-06,0.51161229610443115,3.3866314197439351e-09,0.0024877038955688491,0.11111111640930171,64.666748046875,2,2,0.005859375
response,226,3.76666667,1.3505011796951294,-1.8808245840773452e-06,5.5879354476928711e-06,0.51161229610443115,3.3866029980345047e-09,0.0024877038955688491,0.11111111640930171,64.666748046875,2,2,0.006103515625
response,227,3.78333333,1.3505011796951294,-1.7876923266157974e-06,5.5879354476928711e-06,0.51161229610443115,-4.063949177179893e-09,0.0024877038955688491,0.11111111640930171,64.666744232177734,2,2,0.005859375
response,228,3.8,1.3505011796951294,-1.6977389805106213e-06,5.3972007663105614e-06,0.51161229610443115,-4.063949177179893e-09,0.0024877038955688491,0.11111111640930171,64.666744232177734,2,2,0.005859375
response,229,3.81666667,1.3505011796951294,-1.6200542631850112e-06,4.6610830395366065e-06,0.51161229610443115,-1.4210854715202004e-14,0.0024877038955688491,0.11111111640930171,64.666744232177734,2,2,0.005859375
response,230,3.83333333,1.3505011796951294,-1.541823166917311e-06,4.6938657760620117e-06,0.51161229610443115,-1.4210854715202004e-14,0.0024877038955688491,0.11111111640930171,64.666744232177734,2,2,0.006103515625
response,231,3.85,1.3505011796951294,-1.4635920706496108e-06,4.6938657760620117e-06,0.51161229610443115,1.4210854715202004e-14,0.0024877038955688491,0.11111111640930171,64.666744232177734,2,2,0.005859375
response,232,3.86666667,1.3505011796951294,-1.4193356037139893e-06,2.6553880161372945e-06,0.51161229610443115,0,0.0024877038955688491,0.11111111640930171,64.666736602783203,2,2,0.005859375
response,233,3.88333333,1.3505011796951294,-1.3746321201324463e-06,2.6822090148925781e-06,0.51161229610443115,0,0.0024877038955688491,0.11111111640930171,64.666736602783203,2,2,0.005859375
response,234,3.9,1.3505011796951294,-1.3299286365509033e-06,2.6822090148925781e-06,0.51161229610443115,0,0.0024877038955688491,0.11111111640930171,64.666736602783203,2,2,0.005859375
response,235,3.91666667,1.3505011796951294,-1.2852251529693604e-06,2.6822090148925781e-06,0.51161229610443115,3.3866172088892199e-09,0.0024877038955688491,0.11111111640930171,64.666728973388672,2,2,0.005859375
response,236,3.93333333,1.3505011796951294,-1.2405216693878174e-06,2.6822090148925781e-06,0.51161229610443115,0,0.0024877038955688491,0.11111111640930171,64.666728973388672,2,2,0.006103515625
response,237,3.95,1.3505011796951294,-1.2107193470001221e-06,1.7881393432617188e-06,0.51161229610443115,-3.3866172088892199e-09,0.0024877038955688491,0.11111111640930171,64.666732788085938,2,2,0.005859375
response,238,3.96666667,1.3505011796951294,-1.1809170246124268e-06,1.7881393432617188e-06,0.51161229610443115,-6.773177574359579e-10,0.0024877038955688491,0.11111111640930171,64.666728973388672,2,2,0.005859375
response,239,3.98333333,1.3505011796951294,-1.1511147022247314e-06,1.7881393432617188e-06,0.51161229610443115,0,0.0024877038955688491,0.11111111640930171,64.666732788085938,2,2,0.006103515625
response,240,4,1.3505011796951294,-1.1213123798370361e-06,1.7881393432617188e-06,0.51161229610443115,0,0.0024877038955688491,0.11111111640930171,64.666732788085938,2,2,0.005859375
response,241,4.01666667,1.3505011796951294,-1.0915100574493408e-06,1.7881393432617188e-06,0.51161229610443115,0,0.0024877038955688491,0.11111111640930171,64.666732788085938,2,2,0.005859375
response,242,4.03333333,1.3505011796951294,-1.0617077350616455e-06,1.7881393432617188e-06,0.51161229610443115,0,0.0024877038955688491,0.11111111640930171,64.666732788085938,2,2,0.005859375
response,243,4.05,1.3505011796951294,-1.0319054126739502e-06,1.7881393432617188e-06,0.51161229610443115,0,0.0024877038955688491,0.11111111640930171,64.666732788085938,2,2,0.006103515625
response,244,4.06666667,1.3505011796951294,-1.0021030902862549e-06,1.7881393432617188e-06,0.51161229610443115,0,0.0024877038955688491,0.11111111640930171,64.666732788085938,2,2,0.005859375
response,245,4.08333333,1.3505011796951294,-9.7602605819702148e-07,1.5646219253540039e-06,0.51161229610443115,0,0.0024877038955688491,0.11111111640930171,64.666725158691406,2,2,0.005859375
response,246,4.1,1.3505011796951294,-9.4622373580932617e-07,1.7881393432617188e-06,0.51161229610443115,0,0.0024877038955688491,0.11111111640930171,64.666728973388672,2,2,0.005859375
response,247,4.11666667,1.3505011796951294,-9.1642141342163086e-07,1.7881393432617188e-06,0.51161229610443115,0,0.0024877038955688491,0.11111111640930171,64.666728973388672,2,2,0.006103515625
response,248,4.13333333,1.3505011796951294,-8.8661909103393555e-07,1.7881393432617188e-06,0.51161229610443115,0,0.0024877038955688491,0.11111111640930171,64.666728973388672,2,2,0.006103515625
response,249,4.15,1.3505011796951294,-8.5681676864624023e-07,1.7881393432617188e-06,0.51161229610443115,0,0.0024877038955688491,0.11111111640930171,64.666728973388672,2,2,0.005859375
response,250,4.16666667,1.3505011796951294,-8.2701444625854492e-07,1.7881393432617188e-06,0.51161229610443115,3.3866172088892199e-09,0.0024877038955688491,0.11111111640930171,64.666725158691406,2,2,0.005859375
response,251,4.18333333,1.3505011796951294,-7.9721212387084961e-07,1.7881393432617188e-06,0.51161229610443115,3.3866172088892199e-09,0.0024877038955688491,0.11111111640930171,64.666725158691406,2,2,0.005859375
response,252,4.2,1.3505011796951294,-7.674098014831543e-07,1.7881393432617188e-06,0.51161229610443115,3.3866172088892199e-09,0.0024877038955688491,0.11111111640930171,64.666725158691406,2,2,0.005859375
response,253,4.21666667,1.3505011796951294,-7.4878334999084473e-07,1.1175870895385742e-06,0.51161229610443115,3.3866172088892199e-09,0.0024877038955688491,0.11111111640930171,64.666725158691406,2,2,0.006103515625
response,254,4.23333333,1.3505011796951294,-7.3388218879699707e-07,8.9406967163085938e-07,0.51161229610443115,0,0.0024877038955688491,0.11111111640930171,64.666725158691406,2,2,0.005859375
response,255,4.25,1.3505011796951294,-7.1898102760314941e-07,8.9406967163085938e-07,0.51161229610443115,0,0.0024877038955688491,0.11111111640930171,64.666725158691406,2,2,0.005859375
response,256,4.26666667,1.3505011796951294,-7.0407986640930176e-07,8.9406967163085938e-07,0.51161229610443115,0,0.0024877038955688491,0.11111111640930171,64.666725158691406,2,2,0.006103515625
response,257,4.28333333,1.3505011796951294,-6.891787052154541e-07,8.9406967163085938e-07,0.51161229610443115,0,0.0024877038955688491,0.11111111640930171,64.666725158691406,2,2,0.005859375
response,258,4.3,1.3505011796951294,-6.7427754402160645e-07,8.9406967163085938e-07,0.51161229610443115,0,0.0024877038955688491,0.11111111640930171,64.666725158691406,2,2,0.005859375
response,259,4.31666667,1.3505011796951294,-6.5937638282775879e-07,8.9406967163085938e-07,0.51161229610443115,0,0.0024877038955688491,0.11111111640930171,64.666725158691406,2,2,0.006103515625
response,260,4.33333333,1.3505011796951294,-6.4447522163391113e-07,8.9406967163085938e-07,0.51161229610443115,0,0.0024877038955688491,0.11111111640930171,64.666725158691406,2,2,0.005859375
response,261,4.35,1.3505011796951294,-6.2957406044006348e-07,8.9406967163085938e-07,0.51161229610443115,0,0.0024877038955688491,0.11111111640930171,64.666725158691406,2,2,0.005859375
response,262,4.36666667,1.3505011796951294,-6.1467289924621582e-07,8.9406967163085938e-07,0.51161229610443115,0,0.0024877038955688491,0.11111111640930171,64.666725158691406,2,2,0.005859375
response,263,4.38333333,1.3505011796951294,-5.9977173805236816e-07,8.9406967163085938e-07,0.51161229610443115,0,0.0024877038955688491,0.11111111640930171,64.666725158691406,2,2,0.006103515625
response,264,4.4,1.3505011796951294,-5.8487057685852051e-07,8.9406967163085938e-07,0.51161229610443115,0,0.0024877038955688491,0.11111111640930171,64.666725158691406,2,2,0.005859375
response,265,4.41666667,1.3505011796951294,-5.6996941566467285e-07,8.9406967163085938e-07,0.51161229610443115,0,0.0024877038955688491,0.11111111640930171,64.666725158691406,2,2,0.005859375
response,266,4.43333333,1.3505011796951294,-5.550682544708252e-07,8.9406967163085938e-07,0.51161229610443115,0,0.0024877038955688491,0.11111111640930171,64.666725158691406,2,2,0.006103515625
response,267,4.45,1.3505011796951294,-5.4016709327697754e-07,8.9406967163085938e-07,0.51161229610443115,0,0.0024877038955688491,0.11111111640930171,64.666725158691406,2,2,0.006103515625
response,268,4.46666667,1.3505011796951294,-5.2526593208312988e-07,8.9406967163085938e-07,0.51161229610443115,0,0.0024877038955688491,0.11111111640930171,64.666725158691406,2,2,0.005859375
response,269,4.48333333,1.3505011796951294,-5.1354368224565405e-07,7.0333499024854973e-07,0.51161229610443115,2.8421709430404007e-14,0.0024877038955688491,0.11111111640930171,64.666725158691406,2,2,0.006103515625
response,270,4.5,1.3505011796951294,-5.1409006118774414e-07,-3.2782736525405198e-08,0.51161229610443115,0,0.0024877038955688491,0.11111111640930171,64.666721343994141,2,2,0.006103515625
response,271,4.51666667,1.3505011796951294,-5.1409006118774414e-07,0,0.51161229610443115,0,0.0024877038955688491,0.11111111640930171,64.666721343994141,2,2,0.005859375
response,272,4.53333333,1.3505011796951294,-5.1409006118774414e-07,0,0.51161229610443115,0,0.0024877038955688491,0.11111111640930171,64.666721343994141,2,2,0.005859375
response,273,4.55,1.3505011796951294,-5.1409006118774414e-07,0,0.51161229610443115,0,0.0024877038955688491,0.11111111640930171,64.666721343994141,2,2,0.005859375
response,274,4.56666667,1.3505011796951294,-5.1409006118774414e-07,0,0.51161229610443115,0,0.0024877038955688491,0.11111111640930171,64.666721343994141,2,2,0.005859375
response,275,4.58333333,1.3505011796951294,-5.1409006118774414e-07,0,0.51161229610443115,0,0.0024877038955688491,0.11111111640930171,64.666721343994141,2,2,0.005859375
response,276,4.6,1.3505011796951294,-5.1409006118774414e-07,0,0.51161229610443115,0,0.0024877038955688491,0.11111111640930171,64.666721343994141,2,2,0.006103515625
response,277,4.61666667,1.3505011796951294,-5.1409006118774414e-07,0,0.51161229610443115,0,0.0024877038955688491,0.11111111640930171,64.666721343994141,2,2,0.006103515625
response,278,4.63333333,1.3505011796951294,-5.1409006118774414e-07,0,0.51161229610443115,0,0.0024877038955688491,0.11111111640930171,64.666721343994141,2,2,0.006103515625
response,279,4.65,1.3505011796951294,-5.1409006118774414e-07,0,0.51161229610443115,0,0.0024877038955688491,0.11111111640930171,64.666721343994141,2,2,0.006103515625
response,280,4.66666667,1.3505011796951294,-5.1409006118774414e-07,0,0.51161229610443115,0,0.0024877038955688491,0.11111111640930171,64.666721343994141,2,2,0.006103515625
response,281,4.68333333,1.3505011796951294,-5.1409006118774414e-07,0,0.51161229610443115,0,0.0024877038955688491,0.11111111640930171,64.666721343994141,2,2,0.00634765625
response,282,4.7,1.3505011796951294,-5.1409006118774414e-07,0,0.51161229610443115,0,0.0024877038955688491,0.11111111640930171,64.666721343994141,2,2,0.006103515625
response,283,4.71666667,1.3505011796951294,-5.1409006118774414e-07,0,0.51161229610443115,0,0.0024877038955688491,0.11111111640930171,64.666721343994141,2,2,0.006103515625
response,284,4.73333333,1.3505011796951294,-5.1409006118774414e-07,0,0.51161229610443115,0,0.0024877038955688491,0.11111111640930171,64.666721343994141,2,2,0.006103515625
response,285,4.75,1.3505011796951294,-5.1409006118774414e-07,0,0.51161229610443115,0,0.0024877038955688491,0.11111111640930171,64.666721343994141,2,2,0.006103515625
response,286,4.76666667,1.3505011796951294,-5.1409006118774414e-07,0,0.51161229610443115,0,0.0024877038955688491,0.11111111640930171,64.666721343994141,2,2,0.006103515625
response,287,4.78333333,1.3505011796951294,-5.1409006118774414e-07,0,0.51161229610443115,0,0.0024877038955688491,0.11111111640930171,64.666721343994141,2,2,0.006103515625
response,288,4.8,1.3505011796951294,-5.1409006118774414e-07,0,0.51161229610443115,0,0.0024877038955688491,0.11111111640930171,64.666721343994141,2,2,0.006103515625
response,289,4.81666667,1.3505011796951294,-5.1409006118774414e-07,0,0.51161229610443115,0,0.0024877038955688491,0.11111111640930171,64.666721343994141,2,2,0.006103515625
response,290,4.83333333,1.3505011796951294,-5.1409006118774414e-07,0,0.51161229610443115,0,0.0024877038955688491,0.11111111640930171,64.666721343994141,2,2,0.006103515625
response,291,4.85,1.3505011796951294,-5.1409006118774414e-07,0,0.51161229610443115,0,0.0024877038955688491,0.11111111640930171,64.666721343994141,2,2,0.006103515625
response,292,4.86666667,1.3505011796951294,-5.1409006118774414e-07,0,0.51161229610443115,0,0.0024877038955688491,0.11111111640930171,64.666721343994141,2,2,0.006103515625
response,293,4.88333333,1.3505011796951294,-5.1409006118774414e-07,0,0.51161229610443115,0,0.0024877038955688491,0.11111111640930171,64.666721343994141,2,2,0.006103515625
response,294,4.9,1.3505011796951294,-5.1409006118774414e-07,0,0.51161229610443115,0,0.0024877038955688491,0.11111111640930171,64.666721343994141,2,2,0.005859375
response,295,4.91666667,1.3505011796951294,-5.1409006118774414e-07,0,0.51161229610443115,0,0.0024877038955688491,0.11111111640930171,64.666721343994141,2,2,0.006103515625
response,296,4.93333333,1.3505011796951294,-5.1409006118774414e-07,0,0.51161229610443115,0,0.0024877038955688491,0.11111111640930171,64.666721343994141,2,2,0.006103515625
response,297,4.95,1.3505011796951294,-5.1409006118774414e-07,0,0.51161229610443115,0,0.0024877038955688491,0.11111111640930171,64.666721343994141,2,2,0.006103515625
response,298,4.96666667,1.3505011796951294,-5.1409006118774414e-07,0,0.51161229610443115,0,0.0024877038955688491,0.11111111640930171,64.666721343994141,2,2,0.006103515625
response,299,4.98333333,1.3505011796951294,-5.1409006118774414e-07,0,0.51161229610443115,0,0.0024877038955688491,0.11111111640930171,64.666721343994141,2,2,0.006103515625
response,300,5,1.3505011796951294,-5.1409006118774414e-07,0,0.51161229610443115,0,0.0024877038955688491,0.11111111640930171,64.666721343994141,2,2,0.005859375
response,301,5.01666667,1.3505011796951294,-5.1409006118774414e-07,0,0.51161229610443115,0,0.0024877038955688491,0.11111111640930171,64.666721343994141,2,2,0.006103515625
response,302,5.03333333,1.3505011796951294,-5.1409006118774414e-07,0,0.51161229610443115,0,0.0024877038955688491,0.11111111640930171,64.666721343994141,2,2,0.006103515625
response,303,5.05,1.3505011796951294,-5.1409006118774414e-07,0,0.51161229610443115,0,0.0024877038955688491,0.11111111640930171,64.666721343994141,2,2,0.006103515625
response,304,5.06666667,1.3505011796951294,-5.1409006118774414e-07,0,0.51161229610443115,0,0.0024877038955688491,0.11111111640930171,64.666721343994141,2,2,0.005859375
response,305,5.08333333,1.3505011796951294,-5.1409006118774414e-07,0,0.51161229610443115,0,0.0024877038955688491,0.11111111640930171,64.666721343994141,2,2,0.006103515625
response,306,5.1,1.3505011796951294,-5.1409006118774414e-07,0,0.51161229610443115,0,0.0024877038955688491,0.11111111640930171,64.666721343994141,2,2,0.006103515625
response,307,5.11666667,1.3505011796951294,-5.1409006118774414e-07,0,0.51161229610443115,0,0.0024877038955688491,0.11111111640930171,64.666721343994141,2,2,0.006103515625
response,308,5.13333333,1.3505011796951294,-5.1409006118774414e-07,0,0.51161229610443115,0,0.0024877038955688491,0.11111111640930171,64.666721343994141,2,2,0.006103515625
response,309,5.15,1.3505011796951294,-5.1409006118774414e-07,0,0.51161229610443115,0,0.0024877038955688491,0.11111111640930171,64.666721343994141,2,2,0.006103515625
response,310,5.16666667,1.3505011796951294,-5.1409006118774414e-07,0,0.51161229610443115,0,0.0024877038955688491,0.11111111640930171,64.666721343994141,2,2,0.006103515625
response,311,5.18333333,1.3505011796951294,-5.1409006118774414e-07,0,0.51161229610443115,0,0.0024877038955688491,0.11111111640930171,64.666721343994141,2,2,0.006103515625
response,312,5.2,1.3505011796951294,-5.1409006118774414e-07,0,0.51161229610443115,0,0.0024877038955688491,0.11111111640930171,64.666721343994141,2,2,0.006103515625
response,313,5.21666667,1.3505011796951294,-5.1409006118774414e-07,0,0.51161229610443115,0,0.0024877038955688491,0.11111111640930171,64.666721343994141,2,2,0.006103515625
response,314,5.23333333,1.3505011796951294,-5.1409006118774414e-07,0,0.51161229610443115,0,0.0024877038955688491,0.11111111640930171,64.666721343994141,2,2,0.006103515625
response,315,5.25,1.3505011796951294,-5.1409006118774414e-07,0,0.51161229610443115,0,0.0024877038955688491,0.11111111640930171,64.666721343994141,2,2,0.006103515625
response,316,5.26666667,1.3505011796951294,-5.1409006118774414e-07,0,0.51161229610443115,0,0.0024877038955688491,0.11111111640930171,64.666721343994141,2,2,0.006103515625
response,317,5.28333333,1.3505011796951294,-5.1409006118774414e-07,0,0.51161229610443115,0,0.0024877038955688491,0.11111111640930171,64.666721343994141,2,2,0.006103515625
response,318,5.3,1.3505011796951294,-5.1409006118774414e-07,0,0.51161229610443115,0,0.0024877038955688491,0.11111111640930171,64.666721343994141,2,2,0.006103515625
response,319,5.31666667,1.3505011796951294,-5.1409006118774414e-07,0,0.51161229610443115,0,0.0024877038955688491,0.11111111640930171,64.666721343994141,2,2,0.006103515625
response,320,5.33333333,1.3505011796951294,-5.1409006118774414e-07,0,0.51161229610443115,0,0.0024877038955688491,0.11111111640930171,64.666721343994141,2,2,0.005859375
response,321,5.35,1.3505011796951294,-5.1409006118774414e-07,0,0.51161229610443115,0,0.0024877038955688491,0.11111111640930171,64.666721343994141,2,2,0.006103515625
response,322,5.36666667,1.3505011796951294,-5.1409006118774414e-07,0,0.51161229610443115,0,0.0024877038955688491,0.11111111640930171,64.666721343994141,2,2,0.006103515625
response,323,5.38333333,1.3505011796951294,-5.1409006118774414e-07,0,0.51161229610443115,0,0.0024877038955688491,0.11111111640930171,64.666721343994141,2,2,0.006103515625
response,324,5.4,1.3505011796951294,-5.1409006118774414e-07,0,0.51161229610443115,0,0.0024877038955688491,0.11111111640930171,64.666721343994141,2,2,0.005859375
response,325,5.41666667,1.3505011796951294,-5.1409006118774414e-07,0,0.51161229610443115,0,0.0024877038955688491,0.11111111640930171,64.666721343994141,2,2,0.006103515625
response,326,5.43333333,1.3505011796951294,-5.1409006118774414e-07,0,0.51161229610443115,0,0.0024877038955688491,0.11111111640930171,64.666721343994141,2,2,0.006103515625
response,327,5.45,1.3505011796951294,-5.1409006118774414e-07,0,0.51161229610443115,0,0.0024877038955688491,0.11111111640930171,64.666721343994141,2,2,0.006103515625
response,328,5.46666667,1.3505011796951294,-5.1409006118774414e-07,0,0.51161229610443115,0,0.0024877038955688491,0.11111111640930171,64.666721343994141,2,2,0.006103515625
response,329,5.48333333,1.3505011796951294,-5.1409006118774414e-07,0,0.51161229610443115,0,0.0024877038955688491,0.11111111640930171,64.666721343994141,2,2,0.006103515625
response,330,5.5,1.3505011796951294,-5.1409006118774414e-07,0,0.51161229610443115,0,0.0024877038955688491,0.11111111640930171,64.666721343994141,2,2,0.006103515625
response,331,5.51666667,1.3505011796951294,-5.1409006118774414e-07,0,0.51161229610443115,0,0.0024877038955688491,0.11111111640930171,64.666721343994141,2,2,0.006103515625
response,332,5.53333333,1.3505011796951294,-5.1409006118774414e-07,0,0.51161229610443115,0,0.0024877038955688491,0.11111111640930171,64.666721343994141,2,2,0.006103515625
response,333,5.55,1.3505011796951294,-5.1409006118774414e-07,0,0.51161229610443115,0,0.0024877038955688491,0.11111111640930171,64.666721343994141,2,2,0.006103515625
response,334,5.56666667,1.3505011796951294,-5.1409006118774414e-07,0,0.51161229610443115,0,0.0024877038955688491,0.11111111640930171,64.666721343994141,2,2,0.005859375
response,335,5.58333333,1.3505011796951294,-5.1409006118774414e-07,0,0.51161229610443115,0,0.0024877038955688491,0.11111111640930171,64.666721343994141,2,2,0.006103515625
response,336,5.6,1.3505011796951294,-5.1409006118774414e-07,0,0.51161229610443115,0,0.0024877038955688491,0.11111111640930171,64.666721343994141,2,2,0.006103515625
response,337,5.61666667,1.3505011796951294,-5.1409006118774414e-07,0,0.51161229610443115,0,0.0024877038955688491,0.11111111640930171,64.666721343994141,2,2,0.006103515625
response,338,5.63333333,1.3505011796951294,-5.1409006118774414e-07,0,0.51161229610443115,0,0.0024877038955688491,0.11111111640930171,64.666721343994141,2,2,0.006103515625
response,339,5.65,1.3505011796951294,-5.1409006118774414e-07,0,0.51161229610443115,0,0.0024877038955688491,0.11111111640930171,64.666721343994141,2,2,0.006103515625
response,340,5.66666667,1.3505011796951294,-5.1409006118774414e-07,0,0.51161229610443115,0,0.0024877038955688491,0.11111111640930171,64.666721343994141,2,2,0.006103515625
response,341,5.68333333,1.3505011796951294,-5.1409006118774414e-07,0,0.51161229610443115,0,0.0024877038955688491,0.11111111640930171,64.666721343994141,2,2,0.006103515625
response,342,5.7,1.3505011796951294,-5.1409006118774414e-07,0,0.51161229610443115,0,0.0024877038955688491,0.11111111640930171,64.666721343994141,2,2,0.006103515625
response,343,5.71666667,1.3505011796951294,-5.1409006118774414e-07,0,0.51161229610443115,0,0.0024877038955688491,0.11111111640930171,64.666721343994141,2,2,0.006103515625
response,344,5.73333333,1.3505011796951294,-5.1409006118774414e-07,0,0.51161229610443115,0,0.0024877038955688491,0.11111111640930171,64.666721343994141,2,2,0.006103515625
response,345,5.75,1.3505011796951294,-5.1409006118774414e-07,0,0.51161229610443115,0,0.0024877038955688491,0.11111111640930171,64.666721343994141,2,2,0.006103515625
response,346,5.76666667,1.3505011796951294,-5.1409006118774414e-07,0,0.51161229610443115,0,0.0024877038955688491,0.11111111640930171,64.666721343994141,2,2,0.006103515625
response,347,5.78333333,1.3505011796951294,-5.1409006118774414e-07,0,0.51161229610443115,0,0.0024877038955688491,0.11111111640930171,64.666721343994141,2,2,0.006103515625
response,348,5.8,1.3505011796951294,-5.1409006118774414e-07,0,0.51161229610443115,0,0.0024877038955688491,0.11111111640930171,64.666721343994141,2,2,0.006103515625
response,349,5.81666667,1.3505011796951294,-5.1409006118774414e-07,0,0.51161229610443115,0,0.0024877038955688491,0.11111111640930171,64.666721343994141,2,2,0.006103515625
response,350,5.83333333,1.3505011796951294,-5.1409006118774414e-07,0,0.51161229610443115,0,0.0024877038955688491,0.11111111640930171,64.666721343994141,2,2,0.006103515625
response,351,5.85,1.3505011796951294,-5.1409006118774414e-07,0,0.51161229610443115,0,0.0024877038955688491,0.11111111640930171,64.666721343994141,2,2,0.006103515625
response,352,5.86666667,1.3505011796951294,-5.1409006118774414e-07,0,0.51161229610443115,0,0.0024877038955688491,0.11111111640930171,64.666721343994141,2,2,0.005859375
response,353,5.88333333,1.3505011796951294,-5.1409006118774414e-07,0,0.51161229610443115,0,0.0024877038955688491,0.11111111640930171,64.666721343994141,2,2,0.006103515625
response,354,5.9,1.3505011796951294,-5.1409006118774414e-07,0,0.51161229610443115,0,0.0024877038955688491,0.11111111640930171,64.666721343994141,2,2,0.006103515625
response,355,5.91666667,1.3505011796951294,-5.1409006118774414e-07,0,0.51161229610443115,0,0.0024877038955688491,0.11111111640930171,64.666721343994141,2,2,0.006103515625
response,356,5.93333333,1.3505011796951294,-5.1409006118774414e-07,0,0.51161229610443115,0,0.0024877038955688491,0.11111111640930171,64.666721343994141,2,2,0.006103515625
response,357,5.95,1.3505011796951294,-5.1409006118774414e-07,0,0.51161229610443115,0,0.0024877038955688491,0.11111111640930171,64.666721343994141,2,2,0.005859375
response,358,5.96666667,1.3505011796951294,-5.1409006118774414e-07,0,0.51161229610443115,0,0.0024877038955688491,0.11111111640930171,64.666721343994141,2,2,0.006103515625
response,359,5.98333333,1.3505011796951294,-5.1409006118774414e-07,0,0.51161229610443115,0,0.0024877038955688491,0.11111111640930171,64.666721343994141,2,2,0.006103515625
